hs_code,
01012900,
01013010,
01013090,
01019000,
01022100,
01022911,
01022919,
01022990,
01023100,
01023900,
01029010,
01029090,
01031000,
01039100,
01039200,
01041010,
01041090,
01042010,
01042090,
01051110,
01051190,
01051210,
01051290,
01051310,
01051390,
01051410,
01051490,
01051510,
01051590,
01059410,
01059441,
01059449,
01059491,
01059499,
01059910,
01059920,
01059930,
01059940,
01061100,
01061210,
01061220,
01061300,
01061400,
01061900,
01062000,
01063100,
01063200,
01063300,
01063900,
01064100,
01064900,
01069000,
02011000,
02012000,
02013000,
02021000,
02022000,
02023000,
02031100,
02031200,
02031900,
02032100,
02032200,
02032900,
02041000,
02042100,
02042200,
02042300,
02043000,
02044100,
02044200,
02044300,
02045000,
02050000,
02061000,
02062100,
02062200,
02062900,
02063000,
02064100,
02064900,
02068000,
02069000,
02071100,
02071200,
02071300,
02071410,
02071420,
02071430,
02071491,
02071499,
02072400,
02072500,
02072600,
02072710,
02072791,
02072799,
02074100,
02074200,
02074300,
02074400,
02074510,
02074590,
02075100,
02075200,
02075300,
02075400,
02075510,
02075590,
02076010,
02076020,
02076030,
02076040,
02081000,
02083000,
02084010,
02084090,
02085000,
02086000,
02089010,
02089090,
02091000,
02099000,
02101100,
02101200,
02101930,
02101990,
02102000,
02109100,
02109210,
02109290,
02109300,
02109910,
02109920,
02109990,
03011110,
03011191,
03011192,
03011193,
03011195,
03011199,
03011910,
03011990,
03019100,
03019200,
03019321,
03019322,
03019329,
03019331,
03019332,
03019339,
03019400,
03019500,
03019911,
03019919,
03019922,
03019923,
03019924,
03019929,
03019931,
03019932,
03019933,
03019934,
03019935,
03019936,
03019941,
03019942,
03019949,
03019950,
03019990,
03021100,
03021300,
03021400,
03021900,
03022100,
03022200,
03022300,
03022400,
03022900,
03023100,
03023200,
03023300,
03023400,
03023500,
03023600,
03023900,
03024100,
03024200,
03024300,
03024400,
03024500,
03024600,
03024700,
03024900,
03025100,
03025200,
03025300,
03025400,
03025500,
03025600,
03025900,
03027100,
03027210,
03027290,
03027300,
03027400,
03027900,
03028100,
03028200,
03028300,
03028400,
03028500,
03028911,
03028912,
03028913,
03028914,
03028915,
03028916,
03028917,
03028918,
03028919,
03028922,
03028923,
03028927,
03028928,
03028929,
03029100,
03029200,
03029900,
03031100,
03031200,
03031300,
03031400,
03031900,
03032300,
03032400,
03032500,
03032600,
03032900,
03033100,
03033200,
03033300,
03033400,
03033900,
03034100,
03034200,
03034300,
03034400,
03034510,
03034590,
03034600,
03034910,
03034990,
03035100,
03035300,
03035410,
03035420,
03035500,
03035600,
03035700,
03035910,
03035920,
03035990,
03036300,
03036400,
03036500,
03036600,
03036700,
03036800,
03036900,
03038100,
03038200,
03038300,
03038400,
03038911,
03038913,
03038914,
03038915,
03038916,
03038917,
03038918,
03038919,
03038922,
03038923,
03038924,
03038927,
03038928,
03038929,
03039100,
03039200,
03039900,
03043100,
03043200,
03043300,
03043900,
03044100,
03044200,
03044300,
03044400,
03044500,
03044600,
03044700,
03044800,
03044900,
03045100,
03045200,
03045300,
03045400,
03045500,
03045600,
03045700,
03045900,
03046100,
03046200,
03046300,
03046900,
03047100,
03047200,
03047300,
03047400,
03047500,
03047900,
03048100,
03048200,
03048300,
03048400,
03048500,
03048600,
03048700,
03048800,
03048910,
03048990,
03049100,
03049200,
03049300,
03049400,
03049500,
03049600,
03049700,
03049910,
03049990,
03052010,
03052090,
03053100,
03053200,
03053910,
03053920,
03053991,
03053992,
03053999,
03054100,
03054200,
03054300,
03054400,
03054910,
03054990,
03055100,
03055200,
03055300,
03055400,
03055921,
03055929,
03055990,
03056100,
03056200,
03056300,
03056400,
03056910,
03056990,
03057110,
03057190,
03057211,
03057219,
03057291,
03057299,
03057910,
03057990,
03061110,
03061190,
03061210,
03061290,
03061411,
03061419,
03061491,
03061492,
03061493,
03061499,
03061500,
03061600,
03061711,
03061719,
03061721,
03061722,
03061729,
03061730,
03061790,
03061900,
03063110,
03063120,
03063130,
03063210,
03063220,
03063230,
03063311,
03063312,
03063391,
03063392,
03063400,
03063510,
03063520,
03063530,
03063611,
03063612,
03063613,
03063619,
03063621,
03063622,
03063623,
03063629,
03063631,
03063632,
03063633,
03063639,
03063910,
03063920,
03069121,
03069129,
03069131,
03069139,
03069221,
03069229,
03069231,
03069239,
03069321,
03069329,
03069331,
03069339,
03069421,
03069429,
03069431,
03069439,
03069521,
03069529,
03069530,
03069921,
03069929,
03069931,
03069939,
03071110,
03071120,
03071200,
03071920,
03071930,
03072110,
03072120,
03072200,
03072930,
03072940,
03073110,
03073120,
03073200,
03073930,
03073940,
03074211,
03074219,
03074221,
03074229,
03074310,
03074390,
03074921,
03074929,
03074931,
03074939,
03075110,
03075120,
03075200,
03075920,
03075930,
03076010,
03076020,
03076040,
03076050,
03077110,
03077120,
03077200,
03077930,
03077940,
03078110,
03078120,
03078210,
03078220,
03078300,
03078400,
03078710,
03078720,
03078810,
03078820,
03079110,
03079120,
03079200,
03079930,
03079940,
03081110,
03081120,
03081200,
03081920,
03081930,
03082110,
03082120,
03082200,
03082920,
03082930,
03083010,
03083020,
03083030,
03083040,
03083050,
03089010,
03089020,
03089030,
03089040,
03089050,
03091000,
03099011,
03099012,
03099019,
03099021,
03099022,
03099029,
03099090,
04011010,
04011090,
04012010,
04012090,
04014010,
04014020,
04014090,
04015010,
04015090,
04021041,
04021042,
04021049,
04021091,
04021092,
04021099,
04022120,
04022130,
04022190,
04022920,
04022930,
04022990,
04029100,
04029900,
04032011,
04032019,
04032091,
04032099,
04039010,
04039090,
04041011,
04041019,
04041091,
04041099,
04049000,
04051000,
04052000,
04059010,
04059020,
04059030,
04059090,
04061010,
04061020,
04062010,
04062090,
04063000,
04064000,
04069000,
04071110,
04071190,
04071911,
04071919,
04071991,
04071999,
04072100,
04072910,
04072990,
04079010,
04079020,
04079090,
04081100,
04081900,
04089100,
04089900,
04090000,
04101000,
04109010,
04109020,
04109090,
05010000,
05021000,
05029000,
05040000,
05051010,
05051090,
05059010,
05059090,
05061000,
05069000,
05071000,
05079020,
05079090,
05080020,
05080090,
05100000,
05111000,
05119110,
05119120,
05119130,
05119190,
05119910,
05119920,
05119930,
05119990,
06011000,
06012010,
06012020,
06012090,
06021010,
06021020,
06021090,
06022000,
06023000,
06024000,
06029010,
06029020,
06029040,
06029050,
06029060,
06029090,
06031100,
06031200,
06031300,
06031400,
06031500,
06031900,
06039000,
06042010,
06042090,
06049010,
06049090,
07011000,
07019010,
07019090,
07020000,
07031011,
07031019,
07031021,
07031029,
07032010,
07032090,
07039010,
07039090,
07041010,
07041020,
07041090,
07042000,
07049010,
07049020,
07049030,
07049090,
07051100,
07051900,
07052100,
07052900,
07061010,
07061020,
07069000,
07070000,
07081000,
07082010,
07082020,
07082090,
07089000,
07092000,
07093000,
07094000,
07095100,
07095200,
07095300,
07095400,
07095500,
07095600,
07095920,
07095990,
07096010,
07096090,
07097000,
07099100,
07099200,
07099300,
07099910,
07099920,
07099990,
07101000,
07102100,
07102200,
07102900,
07103000,
07104000,
07108000,
07109000,
07112010,
07112090,
07114010,
07114090,
07115110,
07115190,
07115910,
07115990,
07119010,
07119020,
07119030,
07119040,
07119050,
07119060,
07119090,
07122000,
07123100,
07123200,
07123300,
07123400,
07123910,
07123990,
07129010,
07129020,
07129090,
07131010,
07131090,
07132010,
07132090,
07133110,
07133190,
07133210,
07133290,
07133310,
07133390,
07133410,
07133490,
07133510,
07133590,
07133910,
07133990,
07134010,
07134090,
07135010,
07135090,
07136010,
07136090,
07139010,
07139090,
07141011,
07141019,
07141091,
07141099,
07142010,
07142090,
07143010,
07143090,
07144010,
07144090,
07145010,
07145090,
07149011,
07149019,
07149091,
07149099,
08011100,
08011200,
08011910,
08011990,
08012100,
08012200,
08013100,
08013200,
08021100,
08021210,
08021290,
08022100,
08022200,
08023100,
08023200,
08024100,
08024200,
08025100,
08025200,
08026100,
08026200,
08027000,
08028000,
08029100,
08029200,
08029900,
08031010,
08031020,
08039010,
08039020,
08039030,
08039090,
08041000,
08042000,
08043000,
08044000,
08045010,
08045021,
08045022,
08045030,
08051010,
08051020,
08052100,
08052200,
08052900,
08054000,
08055010,
08055020,
08059000,
08061000,
08062000,
08071100,
08071900,
08072000,
08081000,
08083000,
08084000,
08091000,
08092100,
08092900,
08093000,
08094010,
08094020,
08101000,
08102000,
08103000,
08104000,
08105000,
08106000,
08107000,
08109010,
08109020,
08109030,
08109040,
08109050,
08109060,
08109070,
08109091,
08109092,
08109093,
08109094,
08109099,
08111000,
08112000,
08119000,
08121000,
08129010,
08129090,
08131000,
08132000,
08133000,
08134010,
08134020,
08134090,
08135010,
08135020,
08135030,
08135040,
08135090,
08140000,
09011120,
09011130,
09011190,
09011220,
09011290,
09012111,
09012112,
09012119,
09012120,
09012210,
09012220,
09019010,
09019020,
09021010,
09021090,
09022010,
09022090,
09023010,
09023090,
09024010,
09024090,
09030000,
09041110,
09041120,
09041190,
09041210,
09041220,
09041290,
09042110,
09042190,
09042210,
09042290,
09051000,
09052000,
09061100,
09061900,
09062000,
09071000,
09072000,
09081100,
09081200,
09082100,
09082200,
09083100,
09083200,
09092100,
09092200,
09093100,
09093200,
09096110,
09096120,
09096130,
09096190,
09096210,
09096220,
09096230,
09096290,
09101100,
09101200,
09102000,
09103000,
09109110,
09109190,
09109910,
09109990,
10011100,
10011900,
10019100,
10019911,
10019912,
10019919,
10019991,
10019999,
10021000,
10029000,
10031000,
10039000,
10041000,
10049000,
10051000,
10059010,
10059091,
10059099,
10061010,
10061090,
10062010,
10062090,
10063030,
10063040,
10063050,
10063060,
10063070,
10063091,
10063099,
10064010,
10064090,
10071000,
10079000,
10081000,
10082100,
10082900,
10083000,
10084000,
10085000,
10086000,
10089000,
11010011,
11010019,
11010020,
11022000,
11029010,
11029020,
11029090,
11031100,
11031300,
11031910,
11031920,
11031990,
11032000,
11041200,
11041910,
11041990,
11042200,
11042300,
11042920,
11042990,
11043000,
11051000,
11052000,
11061000,
11062010,
11062020,
11062090,
11063000,
11071000,
11072000,
11081100,
11081200,
11081300,
11081400,
11081910,
11081990,
11082000,
11090000,
12011000,
12019000,
12023000,
12024100,
12024200,
12030000,
12040000,
12051000,
12059000,
12060000,
12071010,
12071030,
12071090,
12072100,
12072900,
12073000,
12074010,
12074090,
12075000,
12076000,
12077000,
12079100,
12079940,
12079950,
12079990,
12081000,
12089000,
12091000,
12092100,
12092200,
12092300,
12092400,
12092500,
12092910,
12092990,
12093000,
12099110,
12099190,
12099920,
12099930,
12099990,
12101000,
12102000,
12112010,
12112090,
12113000,
12114000,
12115000,
12116000,
12119011,
12119012,
12119013,
12119015,
12119017,
12119018,
12119019,
12119091,
12119092,
12119094,
12119095,
12119097,
12119098,
12119099,
12122111,
12122112,
12122113,
12122119,
12122190,
12122911,
12122919,
12122920,
12122930,
12129100,
12129200,
12129310,
12129390,
12129400,
12129910,
12129990,
12130000,
12141000,
12149000,
13012000,
13019030,
13019040,
13019090,
13021110,
13021190,
13021200,
13021300,
13021400,
13021920,
13021940,
13021950,
13021990,
13022000,
13023100,
13023200,
13023911,
13023912,
13023913,
13023919,
13023990,
14011000,
14012010,
14012021,
14012029,
14012030,
14012090,
14019000,
14042000,
14049020,
14049030,
14049091,
14049092,
14049099,
15011000,
15012000,
15019000,
15021000,
15029010,
15029090,
15030010,
15030090,
15041020,
15041090,
15042010,
15042090,
15043000,
15050010,
15050090,
15060000,
15071000,
15079010,
15079020,
15079090,
15081000,
15089000,
15092010,
15092090,
15093000,
15094000,
15099011,
15099019,
15099091,
15099099,
15101000,
15109010,
15109020,
15109090,
15111000,
15119020,
15119031,
15119032,
15119036,
15119037,
15119039,
15119041,
15119042,
15119049,
15121100,
15121910,
15121920,
15121990,
15122100,
15122910,
15122990,
15131110,
15131190,
15131910,
15131990,
15132110,
15132190,
15132911,
15132912,
15132913,
15132914,
15132991,
15132992,
15132994,
15132995,
15132996,
15132997,
15141100,
15141910,
15141920,
15141990,
15149100,
15149910,
15149990,
15151100,
15151900,
15152100,
15152911,
15152919,
15152991,
15152999,
15153010,
15153090,
15155010,
15155020,
15155090,
15156000,
15159011,
15159012,
15159019,
15159021,
15159022,
15159029,
15159031,
15159032,
15159039,
15159091,
15159092,
15159099,
15161020,
15161090,
15162011,
15162012,
15162014,
15162017,
15162018,
15162019,
15162021,
15162022,
15162023,
15162024,
15162025,
15162026,
15162029,
15162031,
15162032,
15162033,
15162034,
15162035,
15162039,
15162041,
15162042,
15162043,
15162044,
15162045,
15162046,
15162047,
15162048,
15162049,
15162051,
15162052,
15162053,
15162054,
15162059,
15162061,
15162062,
15162069,
15162091,
15162092,
15162093,
15162094,
15162096,
15162098,
15162099,
15163000,
15171010,
15171090,
15179010,
15179020,
15179030,
15179043,
15179044,
15179050,
15179061,
15179062,
15179063,
15179064,
15179065,
15179066,
15179067,
15179068,
15179069,
15179080,
15179090,
15180012,
15180014,
15180015,
15180016,
15180019,
15180020,
15180032,
15180033,
15180034,
15180035,
15180036,
15180037,
15180038,
15180039,
15180060,
15180090,
15200010,
15200090,
15211000,
15219010,
15219020,
15220010,
15220090,
16010010,
16010090,
16021010,
16021090,
16022000,
16023110,
16023191,
16023199,
16023210,
16023290,
16023900,
16024110,
16024190,
16024210,
16024290,
16024911,
16024919,
16024991,
16024999,
16025010,
16025090,
16029010,
16029020,
16029090,
16030010,
16030090,
16041110,
16041190,
16041210,
16041290,
16041311,
16041319,
16041391,
16041399,
16041411,
16041419,
16041491,
16041499,
16041510,
16041590,
16041610,
16041690,
16041710,
16041790,
16041810,
16041891,
16041899,
16041920,
16041930,
16041990,
16042020,
16042030,
16042040,
16042091,
16042099,
16043100,
16043200,
16051011,
16051012,
16051013,
16051014,
16051090,
16052100,
16052920,
16052930,
16052990,
16053000,
16054000,
16055100,
16055200,
16055300,
16055410,
16055490,
16055500,
16055600,
16055710,
16055790,
16055800,
16055900,
16056100,
16056200,
16056300,
16056900,
17011200,
17011300,
17011400,
17019100,
17019910,
17019990,
17021100,
17021900,
17022000,
17023010,
17023020,
17024000,
17025000,
17026010,
17026020,
17029011,
17029019,
17029020,
17029030,
17029040,
17029051,
17029059,
17029091,
17029099,
17031010,
17031090,
17039010,
17039090,
17041000,
17049010,
17049020,
17049091,
17049099,
18010010,
18010090,
18020000,
18031000,
18032000,
18040000,
18050000,
18061000,
18062010,
18062090,
18063100,
18063200,
18069010,
18069030,
18069040,
18069090,
19011010,
19011020,
19011030,
19011091,
19011092,
19011099,
19012010,
19012020,
19012030,
19012040,
19019011,
19019019,
19019020,
19019031,
19019032,
19019039,
19019041,
19019049,
19019091,
19019099,
19021100,
19021920,
19021930,
19021940,
19021990,
19022010,
19022030,
19022090,
19023020,
19023030,
19023040,
19023090,
19024000,
19030000,
19041010,
19041090,
19042010,
19042090,
19043000,
19049010,
19049090,
19051000,
19052000,
19053110,
19053120,
19053210,
19053220,
19054010,
19054090,
19059010,
19059020,
19059030,
19059040,
19059050,
19059060,
19059070,
19059080,
19059090,
20011000,
20019010,
20019090,
20021000,
20029010,
20029020,
20029090,
20031000,
20039010,
20039090,
20041000,
20049010,
20049090,
20051020,
20051030,
20052011,
20052019,
20052091,
20052099,
20054000,
20055100,
20055910,
20055990,
20056000,
20057000,
20058000,
20059100,
20059910,
20059990,
20060000,
20071000,
20079100,
20079910,
20079920,
20079930,
20079990,
20081110,
20081120,
20081190,
20081910,
20081991,
20081999,
20082010,
20082090,
20083010,
20083090,
20084000,
20085000,
20086010,
20086090,
20087010,
20087090,
20088000,
20089100,
20089310,
20089390,
20089710,
20089720,
20089790,
20089910,
20089920,
20089930,
20089940,
20089990,
20091100,
20091200,
20091900,
20092100,
20092900,
20093100,
20093900,
20094100,
20094900,
20095000,
20096100,
20096900,
20097100,
20097900,
20098110,
20098190,
20098910,
20098920,
20098930,
20098940,
20098991,
20098999,
20099010,
20099091,
20099099,
21011111,
21011119,
21011190,
21011210,
21011291,
21011292,
21011299,
21012020,
21012030,
21012090,
21013000,
21021000,
21022010,
21022090,
21023000,
21031000,
21032000,
21033000,
21039011,
21039012,
21039013,
21039019,
21039021,
21039029,
21041011,
21041019,
21041091,
21041099,
21042011,
21042019,
21042091,
21042099,
21050000,
21061000,
21069011,
21069012,
21069019,
21069020,
21069030,
21069041,
21069049,
21069053,
21069054,
21069055,
21069059,
21069061,
21069062,
21069064,
21069065,
21069066,
21069067,
21069069,
21069071,
21069072,
21069073,
21069081,
21069089,
21069091,
21069092,
21069093,
21069095,
21069096,
21069097,
21069098,
21069099,
22011010,
22011020,
22019010,
22019090,
22021020,
22021030,
22021090,
22029100,
22029910,
22029920,
22029930,
22029940,
22029950,
22029990,
22030011,
22030019,
22030091,
22030099,
22041000,
22042111,
22042113,
22042114,
22042121,
22042122,
22042211,
22042212,
22042213,
22042221,
22042222,
22042911,
22042912,
22042921,
22042922,
22043010,
22043020,
22051010,
22051020,
22059010,
22059020,
22060010,
22060020,
22060031,
22060039,
22060041,
22060049,
22060050,
22060060,
22060091,
22060099,
22071000,
22072011,
22072019,
22072090,
22082050,
22082090,
22083010,
22083090,
22084000,
22085000,
22086000,
22087010,
22087090,
22089010,
22089020,
22089030,
22089040,
22089050,
22089060,
22089070,
22089080,
22089091,
22089099,
22090000,
23011000,
23012010,
23012020,
23012090,
23021000,
23023010,
23023090,
23024010,
23024090,
23025000,
23031010,
23031090,
23032000,
23033000,
23040010,
23040021,
23040029,
23040090,
23050000,
23061000,
23062000,
23063000,
23064110,
23064120,
23064910,
23064920,
23065000,
23066010,
23066090,
23069010,
23069090,
23070000,
23080000,
23091010,
23091090,
23099011,
23099012,
23099013,
23099014,
23099019,
23099020,
23099090,
24011010,
24011020,
24011040,
24011050,
24011090,
24012010,
24012020,
24012030,
24012040,
24012050,
24012090,
24013010,
24013090,
24021000,
24022010,
24022020,
24022090,
24029010,
24029020,
24031110,
24031190,
24031911,
24031919,
24031920,
24031991,
24031999,
24039110,
24039190,
24039910,
24039930,
24039940,
24039950,
24039990,
24041100,
24041210,
24041290,
24041910,
24041920,
24049110,
24049190,
24049210,
24049290,
24049900,
25010010,
25010020,
25010050,
25010091,
25010093,
25010099,
25020000,
25030000,
25041000,
25049000,
25051000,
25059000,
25061000,
25062000,
25070000,
25081000,
25083000,
25084010,
25084090,
25085000,
25086000,
25087000,
25090000,
25101010,
25101090,
25102010,
25102090,
25111000,
25112000,
25120000,
25131000,
25132000,
25140000,
25151100,
25151210,
25151220,
25152000,
25161100,
25161210,
25161220,
25162010,
25162020,
25169000,
25171000,
25172000,
25173000,
25174100,
25174900,
25181000,
25182000,
25191000,
25199010,
25199090,
25201000,
25202010,
25202090,
25210000,
25221000,
25222000,
25223000,
25231010,
25231090,
25232100,
25232910,
25232990,
25233000,
25239000,
25241000,
25249000,
25251000,
25252000,
25253000,
25261000,
25262010,
25262090,
25280000,
25291010,
25291090,
25292100,
25292200,
25293000,
25301000,
25302010,
25302020,
25309010,
25309090,
26011110,
26011190,
26011210,
26011290,
26012000,
26020000,
26030000,
26040000,
26050000,
26060000,
26070000,
26080000,
26090000,
26100000,
26110000,
26121000,
26122000,
26131000,
26139000,
26140010,
26140090,
26151000,
26159000,
26161000,
26169000,
26171000,
26179000,
26180000,
26190000,
26201100,
26201900,
26202100,
26202900,
26203000,
26204000,
26206000,
26209100,
26209910,
26209990,
26211000,
26219010,
26219090,
27011100,
27011210,
27011290,
27011900,
27012000,
27021000,
27022000,
27030010,
27030020,
27040010,
27040020,
27040030,
27050000,
27060000,
27071000,
27072000,
27073000,
27074000,
27075000,
27079100,
27079910,
27079990,
27081000,
27082000,
27090010,
27090020,
27090090,
27101211,
27101212,
27101213,
27101221,
27101222,
27101223,
27101224,
27101225,
27101226,
27101227,
27101228,
27101229,
27101231,
27101239,
27101240,
27101250,
27101260,
27101270,
27101280,
27101291,
27101292,
27101299,
27101920,
27101930,
27101941,
27101942,
27101944,
27101945,
27101946,
27101950,
27101960,
27101971,
27101972,
27101979,
27101981,
27101982,
27101983,
27101989,
27101990,
27102000,
27109100,
27109900,
27111100,
27111200,
27111300,
27111410,
27111490,
27111900,
27112110,
27112190,
27112900,
27121000,
27122000,
27129010,
27129090,
27131100,
27131200,
27132000,
27139000,
27141000,
27149000,
27150010,
27150090,
27160000,
28011000,
28012000,
28013000,
28020000,
28030020,
28030041,
28030049,
28030090,
28041000,
28042100,
28042900,
28043000,
28044000,
28045000,
28046100,
28046900,
28047000,
28048000,
28049000,
28051100,
28051200,
28051900,
28053000,
28054000,
28061000,
28062000,
28070010,
28070090,
28080000,
28091000,
28092031,
28092032,
28092039,
28092091,
28092092,
28092099,
28100010,
28100020,
28111100,
28111200,
28111910,
28111920,
28111990,
28112100,
28112210,
28112290,
28112910,
28112920,
28112990,
28121100,
28121200,
28121300,
28121400,
28121500,
28121600,
28121700,
28121900,
28129000,
28131000,
28139000,
28141000,
28142000,
28151100,
28151200,
28152000,
28153000,
28161000,
28164000,
28170010,
28170020,
28181000,
28182000,
28183000,
28191000,
28199000,
28201000,
28209000,
28211000,
28212000,
28220000,
28230000,
28241000,
28249000,
28251000,
28252000,
28253000,
28254000,
28255000,
28256000,
28257000,
28258000,
28259000,
28261200,
28261900,
28263000,
28269000,
28271000,
28272010,
28272090,
28273100,
28273200,
28273500,
28273910,
28273920,
28273930,
28273990,
28274100,
28274900,
28275100,
28275900,
28276000,
28281000,
28289010,
28289090,
28291100,
28291900,
28299010,
28299090,
28301000,
28309010,
28309090,
28311000,
28319000,
28321000,
28322000,
28323000,
28331100,
28331900,
28332100,
28332210,
28332290,
28332400,
28332500,
28332700,
28332920,
28332930,
28332940,
28332990,
28333000,
28334000,
28341000,
28342100,
28342910,
28342990,
28351000,
28352200,
28352400,
28352510,
28352590,
28352600,
28352910,
28352990,
28353110,
28353190,
28353910,
28353990,
28362000,
28363000,
28364000,
28365010,
28365090,
28366000,
28369100,
28369200,
28369910,
28369920,
28369990,
28371100,
28371900,
28372000,
28391100,
28391920,
28391990,
28399000,
28401100,
28401900,
28402000,
28403000,
28413000,
28415000,
28416100,
28416900,
28417000,
28418000,
28419000,
28421000,
28429010,
28429020,
28429030,
28429090,
28431000,
28432100,
28432900,
28433000,
28439000,
28441010,
28441090,
28442010,
28442090,
28443010,
28443090,
28444100,
28444200,
28444300,
28444400,
28445000,
28451000,
28452000,
28453000,
28454000,
28459000,
28461000,
28469000,
28470010,
28470090,
28491000,
28492000,
28499000,
28500000,
28521010,
28521020,
28521090,
28529010,
28529020,
28529090,
28531000,
28539010,
28539090,
29011000,
29012100,
29012200,
29012300,
29012400,
29012910,
29012920,
29012990,
29021100,
29021900,
29022000,
29023000,
29024100,
29024200,
29024300,
29024400,
29025000,
29026000,
29027000,
29029010,
29029020,
29029090,
29031110,
29031190,
29031200,
29031300,
29031400,
29031500,
29031920,
29031990,
29032100,
29032200,
29032300,
29032900,
29034100,
29034200,
29034300,
29034400,
29034500,
29034600,
29034700,
29034800,
29034900,
29035100,
29035900,
29036100,
29036200,
29036900,
29037100,
29037200,
29037300,
29037400,
29037500,
29037600,
29037700,
29037800,
29037900,
29038100,
29038200,
29038300,
29038900,
29039100,
29039200,
29039300,
29039400,
29039900,
29041000,
29042010,
29042090,
29043100,
29043200,
29043300,
29043400,
29043500,
29043600,
29049100,
29049900,
29051100,
29051200,
29051300,
29051400,
29051600,
29051700,
29051900,
29052200,
29052900,
29053100,
29053200,
29053900,
29054100,
29054200,
29054300,
29054400,
29054500,
29054900,
29055100,
29055900,
29061100,
29061200,
29061300,
29061900,
29062100,
29062900,
29071100,
29071200,
29071300,
29071500,
29071900,
29072100,
29072200,
29072300,
29072910,
29072990,
29081100,
29081900,
29089100,
29089200,
29089900,
29091100,
29091900,
29092000,
29093000,
29094100,
29094300,
29094400,
29094900,
29095000,
29096000,
29101000,
29102000,
29103000,
29104000,
29105000,
29109000,
29110000,
29121100,
29121200,
29121900,
29122100,
29122900,
29124100,
29124200,
29124910,
29124990,
29125000,
29126000,
29130000,
29141100,
29141200,
29141300,
29141900,
29142200,
29142300,
29142910,
29142990,
29143100,
29143900,
29144000,
29145000,
29146100,
29146200,
29146900,
29147100,
29147900,
29151100,
29151200,
29151300,
29152100,
29152400,
29152910,
29152990,
29153100,
29153200,
29153300,
29153600,
29153910,
29153920,
29153990,
29154000,
29155000,
29156000,
29157010,
29157020,
29157030,
29159020,
29159030,
29159040,
29159090,
29161100,
29161200,
29161300,
29161410,
29161490,
29161500,
29161600,
29161900,
29162000,
29163100,
29163210,
29163220,
29163400,
29163910,
29163920,
29163990,
29171100,
29171210,
29171290,
29171300,
29171400,
29171900,
29172000,
29173200,
29173300,
29173410,
29173490,
29173500,
29173600,
29173700,
29173910,
29173920,
29173990,
29181100,
29181200,
29181300,
29181400,
29181510,
29181590,
29181600,
29181700,
29181800,
29181900,
29182100,
29182200,
29182300,
29182910,
29182990,
29183000,
29189100,
29189900,
29191000,
29199000,
29201100,
29201900,
29202100,
29202200,
29202300,
29202400,
29202900,
29203000,
29209000,
29211100,
29211200,
29211300,
29211400,
29211900,
29212100,
29212200,
29212900,
29213000,
29214100,
29214200,
29214300,
29214400,
29214500,
29214600,
29214900,
29215100,
29215900,
29221100,
29221200,
29221400,
29221500,
29221600,
29221700,
29221800,
29221910,
29221920,
29221990,
29222100,
29222900,
29223100,
29223900,
29224100,
29224210,
29224220,
29224290,
29224300,
29224400,
29224900,
29225010,
29225090,
29231000,
29232011,
29232019,
29232090,
29233000,
29234000,
29239000,
29241100,
29241210,
29241220,
29241910,
29241990,
29242110,
29242120,
29242190,
29242300,
29242400,
29242500,
29242910,
29242920,
29242930,
29242990,
29251100,
29251200,
29251900,
29252100,
29252900,
29261000,
29262000,
29263000,
29264000,
29269000,
29270010,
29270090,
29280010,
29280090,
29291010,
29291020,
29291090,
29299010,
29299020,
29299090,
29301000,
29302000,
29303000,
29304000,
29306000,
29307000,
29308000,
29309010,
29309090,
29311010,
29311020,
29312000,
29314100,
29314200,
29314300,
29314400,
29314500,
29314600,
29314700,
29314800,
29314910,
29314920,
29314990,
29315100,
29315200,
29315300,
29315400,
29315910,
29315990,
29319041,
29319049,
29319050,
29319090,
29321100,
29321200,
29321300,
29321400,
29321900,
29322010,
29322090,
29329100,
29329200,
29329300,
29329400,
29329500,
29329600,
29329900,
29331100,
29331900,
29332100,
29332900,
29333100,
29333200,
29333300,
29333400,
29333500,
29333600,
29333700,
29333910,
29333930,
29333990,
29334100,
29334910,
29334990,
29335200,
29335300,
29335400,
29335500,
29335910,
29335990,
29336100,
29336900,
29337100,
29337200,
29337900,
29339100,
29339200,
29339910,
29339990,
29341000,
29342000,
29343000,
29349100,
29349200,
29349910,
29349920,
29349930,
29349940,
29349950,
29349990,
29351000,
29352000,
29353000,
29354000,
29355000,
29359000,
29362100,
29362200,
29362300,
29362400,
29362500,
29362600,
29362700,
29362800,
29362900,
29369000,
29371100,
29371200,
29371900,
29372100,
29372200,
29372300,
29372900,
29375000,
29379010,
29379020,
29379090,
29381000,
29389000,
29391110,
29391190,
29391900,
29392010,
29392090,
29393000,
29394100,
29394200,
29394300,
29394400,
29394500,
29394900,
29395100,
29395900,
29396100,
29396200,
29396300,
29396900,
29397200,
29397900,
29398000,
29400000,
29411011,
29411019,
29411020,
29411090,
29412000,
29413000,
29414000,
29415000,
29419000,
29420000,
30012000,
30019000,
30021210,
30021290,
30021300,
30021400,
30021500,
30024110,
30024120,
30024190,
30024200,
30024900,
30025100,
30025900,
30029000,
30031010,
30031020,
30031090,
30032000,
30033100,
30033900,
30034100,
30034200,
30034300,
30034900,
30036000,
30039000,
30041015,
30041016,
30041019,
30041020,
30042010,
30042031,
30042032,
30042039,
30042071,
30042079,
30042091,
30042099,
30043100,
30043210,
30043240,
30043290,
30043900,
30044100,
30044200,
30044300,
30044911,
30044919,
30044951,
30044959,
30044960,
30044970,
30044980,
30044990,
30045010,
30045021,
30045029,
30045091,
30045099,
30046010,
30046020,
30046090,
30049010,
30049020,
30049030,
30049041,
30049049,
30049051,
30049053,
30049054,
30049055,
30049059,
30049062,
30049064,
30049065,
30049069,
30049071,
30049072,
30049079,
30049081,
30049082,
30049089,
30049091,
30049092,
30049093,
30049094,
30049095,
30049096,
30049098,
30049099,
30051010,
30051090,
30059010,
30059020,
30059090,
30061010,
30061090,
30063010,
30063020,
30063030,
30063090,
30064010,
30064020,
30065000,
30066000,
30067000,
30069100,
30069210,
30069290,
30069300,
31010010,
31010092,
31010099,
31021000,
31022100,
31022900,
31023000,
31024000,
31025000,
31026000,
31028000,
31029000,
31031110,
31031190,
31031910,
31031990,
31039010,
31039090,
31042000,
31043000,
31049000,
31051010,
31051020,
31051090,
31052000,
31053000,
31054000,
31055100,
31055900,
31056000,
31059000,
32011000,
32012000,
32019000,
32021000,
32029000,
32030010,
32030090,
32041110,
32041190,
32041210,
32041290,
32041300,
32041400,
32041500,
32041600,
32041710,
32041790,
32041800,
32041900,
32042000,
32049000,
32050000,
32061110,
32061190,
32061910,
32061990,
32062010,
32062090,
32064110,
32064190,
32064210,
32064290,
32064911,
32064919,
32064990,
32065010,
32065090,
32071000,
32072010,
32072090,
32073000,
32074000,
32081011,
32081019,
32081020,
32081090,
32082040,
32082070,
32082090,
32089011,
32089019,
32089021,
32089029,
32089030,
32089090,
32091010,
32091040,
32091050,
32091090,
32099000,
32100010,
32100020,
32100030,
32100091,
32100099,
32110000,
32121000,
32129011,
32129013,
32129014,
32129019,
32129021,
32129022,
32129029,
32131000,
32139000,
32141000,
32149000,
32151110,
32151120,
32151190,
32151910,
32151990,
32159010,
32159060,
32159070,
32159090,
33011200,
33011300,
33011900,
33012400,
33012500,
33012920,
33012930,
33012940,
33012950,
33012960,
33012970,
33012990,
33013000,
33019010,
33019020,
33019090,
33021010,
33021020,
33021030,
33021090,
33029000,
33030000,
33041000,
33042000,
33043000,
33049100,
33049920,
33049930,
33049990,
33051010,
33051090,
33052000,
33053000,
33059000,
33061010,
33061090,
33062000,
33069000,
33071000,
33072000,
33073000,
33074110,
33074190,
33074910,
33074990,
33079010,
33079030,
33079040,
33079050,
33079090,
34011140,
34011150,
34011161,
34011169,
34011170,
34011190,
34011910,
34011920,
34011990,
34012020,
34012091,
34012099,
34013000,
34023110,
34023190,
34023910,
34023990,
34024100,
34024210,
34024290,
34024910,
34024990,
34025011,
34025012,
34025019,
34025091,
34025092,
34025099,
34029011,
34029012,
34029013,
34029014,
34029019,
34029091,
34029092,
34029093,
34029094,
34029099,
34031111,
34031119,
34031190,
34031911,
34031912,
34031919,
34031990,
34039111,
34039119,
34039190,
34039911,
34039912,
34039919,
34039990,
34042000,
34049010,
34049090,
34051000,
34052000,
34053000,
34054000,
34059010,
34059090,
34060000,
34070010,
34070020,
34070030,
35011000,
35019010,
35019020,
35021100,
35021900,
35022000,
35029000,
35030041,
35030049,
35030050,
35030061,
35030069,
35040000,
35051010,
35051090,
35052000,
35061000,
35069110,
35069190,
35069900,
35071000,
35079000,
36010000,
36020000,
36031000,
36032000,
36033000,
36034000,
36035000,
36036000,
36041000,
36049020,
36049040,
36049050,
36049090,
36050000,
36061000,
36069010,
36069020,
36069030,
36069090,
37011000,
37012000,
37013000,
37019110,
37019190,
37019910,
37019990,
37021000,
37023100,
37023200,
37023900,
37024100,
37024210,
37024290,
37024300,
37024400,
37025220,
37025290,
37025300,
37025440,
37025490,
37025520,
37025550,
37025590,
37025620,
37025690,
37029610,
37029690,
37029710,
37029790,
37029810,
37029830,
37029890,
37031010,
37031090,
37032000,
37039000,
37040010,
37040090,
37050010,
37050020,
37050030,
37050090,
37061010,
37061030,
37061040,
37061090,
37069010,
37069030,
37069040,
37069090,
37071000,
37079010,
37079090,
38011000,
38012000,
38013000,
38019000,
38021010,
38021090,
38029010,
38029020,
38029090,
38030000,
38040010,
38040020,
38040090,
38051000,
38059000,
38061000,
38062000,
38063010,
38063090,
38069010,
38069090,
38070000,
38085210,
38085220,
38085290,
38085911,
38085919,
38085921,
38085929,
38085931,
38085939,
38085940,
38085950,
38085960,
38085991,
38085999,
38086110,
38086120,
38086130,
38086140,
38086150,
38086190,
38086210,
38086220,
38086230,
38086240,
38086250,
38086290,
38086910,
38086990,
38089110,
38089120,
38089130,
38089140,
38089150,
38089191,
38089199,
38089211,
38089219,
38089290,
38089311,
38089319,
38089320,
38089330,
38089410,
38089420,
38089490,
38089910,
38089990,
38091000,
38099110,
38099190,
38099200,
38099300,
38101000,
38109000,
38111100,
38111900,
38112110,
38112190,
38112900,
38119010,
38119090,
38121000,
38122000,
38123100,
38123900,
38130000,
38140000,
38151100,
38151200,
38151900,
38159000,
38160010,
38160020,
38160090,
38170000,
38180000,
38190000,
38200000,
38210010,
38210090,
38221100,
38221200,
38221300,
38221900,
38229010,
38229090,
38231100,
38231200,
38231300,
38231911,
38231919,
38231920,
38231930,
38231990,
38237010,
38237090,
38241000,
38243000,
38244000,
38245000,
38246000,
38248100,
38248200,
38248300,
38248400,
38248500,
38248600,
38248700,
38248800,
38248900,
38249100,
38249200,
38249910,
38249930,
38249940,
38249950,
38249960,
38249970,
38249991,
38249999,
38251000,
38252000,
38253010,
38253090,
38254100,
38254900,
38255000,
38256100,
38256900,
38259000,
38260010,
38260021,
38260022,
38260029,
38260030,
38260090,
38271110,
38271190,
38271200,
38271300,
38271400,
38272000,
38273100,
38273200,
38273910,
38273990,
38274000,
38275100,
38275900,
38276110,
38276120,
38276190,
38276200,
38276310,
38276390,
38276400,
38276500,
38276800,
38276900,
38279000,
39011012,
39011019,
39011092,
39011099,
39012000,
39013000,
39014000,
39019040,
39019090,
39021030,
39021040,
39021090,
39022000,
39023030,
39023090,
39029010,
39029090,
39031110,
39031190,
39031910,
39031920,
39031990,
39032040,
39032050,
39032090,
39033040,
39033050,
39033060,
39033090,
39039030,
39039091,
39039099,
39041010,
39041091,
39041092,
39041099,
39042110,
39042120,
39042190,
39042210,
39042220,
39042230,
39042290,
39043010,
39043020,
39043090,
39044010,
39044020,
39044090,
39045040,
39045050,
39045060,
39045090,
39046110,
39046120,
39046190,
39046930,
39046940,
39046950,
39046990,
39049030,
39049040,
39049050,
39049090,
39051200,
39051910,
39051990,
39052100,
39052900,
39053010,
39053090,
39059110,
39059190,
39059910,
39059920,
39059990,
39061010,
39061090,
39069020,
39069092,
39069099,
39071000,
39072100,
39072910,
39072990,
39073020,
39073030,
39073090,
39074000,
39075010,
39075090,
39076100,
39076910,
39076990,
39077000,
39079120,
39079130,
39079190,
39079940,
39079950,
39079960,
39079990,
39081010,
39081090,
39089000,
39091010,
39091090,
39092010,
39092090,
39093110,
39093190,
39093910,
39093991,
39093999,
39094010,
39094090,
39095000,
39100020,
39100090,
39111000,
39112000,
39119000,
39121100,
39121200,
39122011,
39122012,
39122019,
39122020,
39123100,
39123900,
39129020,
39129090,
39131000,
39139010,
39139020,
39139030,
39139090,
39140000,
39151010,
39151090,
39152010,
39152090,
39153010,
39153090,
39159010,
39159020,
39159030,
39159040,
39159050,
39159090,
39161010,
39161020,
39162010,
39162020,
39169011,
39169012,
39169019,
39169021,
39169022,
39169029,
39169030,
39169040,
39169050,
39169060,
39169091,
39169092,
39171010,
39171090,
39172100,
39172200,
39172300,
39172911,
39172919,
39172921,
39172922,
39172923,
39172924,
39172925,
39172929,
39173111,
39173112,
39173119,
39173121,
39173123,
39173124,
39173125,
39173129,
39173210,
39173220,
39173291,
39173292,
39173293,
39173294,
39173295,
39173299,
39173310,
39173390,
39173911,
39173912,
39173919,
39173991,
39173992,
39173993,
39173994,
39173999,
39174000,
39181011,
39181019,
39181090,
39189011,
39189013,
39189014,
39189015,
39189016,
39189019,
39189091,
39189092,
39189093,
39189094,
39189099,
39191010,
39191020,
39191091,
39191092,
39191099,
39199010,
39199020,
39199091,
39199092,
39199099,
39201011,
39201019,
39201090,
39202010,
39202091,
39202099,
39203020,
39203091,
39203092,
39203099,
39204310,
39204390,
39204900,
39205111,
39205119,
39205190,
39205911,
39205919,
39205990,
39206110,
39206190,
39206210,
39206291,
39206299,
39206310,
39206390,
39206910,
39206990,
39207110,
39207191,
39207199,
39207300,
39207910,
39207920,
39207991,
39207999,
39209110,
39209191,
39209199,
39209210,
39209291,
39209299,
39209310,
39209390,
39209410,
39209491,
39209499,
39209910,
39209921,
39209929,
39209931,
39209939,
39209990,
39211121,
39211129,
39211191,
39211192,
39211199,
39211200,
39211311,
39211319,
39211391,
39211392,
39211399,
39211421,
39211429,
39211491,
39211492,
39211499,
39211911,
39211912,
39211919,
39211931,
39211939,
39211940,
39211950,
39211961,
39211962,
39211969,
39211993,
39211994,
39211999,
39219010,
39219020,
39219030,
39219041,
39219042,
39219043,
39219049,
39219050,
39219060,
39219070,
39219090,
39221011,
39221019,
39221090,
39222000,
39229011,
39229012,
39229019,
39229090,
39231010,
39231020,
39231090,
39232111,
39232119,
39232191,
39232199,
39232910,
39232990,
39233020,
39233090,
39234010,
39234090,
39235000,
39239010,
39239090,
39241010,
39241091,
39241099,
39249010,
39249020,
39249030,
39249090,
39251000,
39252000,
39253000,
39259000,
39261000,
39262010,
39262020,
39262030,
39262060,
39262090,
39263000,
39264000,
39269010,
39269020,
39269032,
39269039,
39269041,
39269042,
39269044,
39269049,
39269053,
39269055,
39269059,
39269060,
39269081,
39269082,
39269089,
39269091,
39269092,
39269093,
39269099,
40011011,
40011019,
40011021,
40011029,
40012110,
40012120,
40012130,
40012140,
40012150,
40012190,
40012210,
40012220,
40012230,
40012240,
40012250,
40012260,
40012290,
40012910,
40012920,
40012930,
40012950,
40012960,
40012970,
40012980,
40012994,
40012996,
40012999,
40013020,
40013090,
40021100,
40021910,
40021990,
40022010,
40022090,
40023110,
40023190,
40023910,
40023990,
40024100,
40024910,
40024990,
40025100,
40025910,
40025990,
40026010,
40026090,
40027010,
40027090,
40028010,
40028090,
40029100,
40029930,
40029940,
40029990,
40030000,
40040000,
40051010,
40051090,
40052000,
40059110,
40059190,
40059910,
40059920,
40059990,
40061000,
40069011,
40069019,
40069090,
40070000,
40081110,
40081120,
40081190,
40081900,
40082110,
40082120,
40082130,
40082140,
40082190,
40082900,
40091100,
40091210,
40091290,
40092110,
40092190,
40092210,
40092290,
40093110,
40093191,
40093199,
40093210,
40093290,
40094110,
40094190,
40094210,
40094220,
40094290,
40101100,
40101200,
40101900,
40103100,
40103200,
40103300,
40103400,
40103500,
40103600,
40103900,
40111000,
40112011,
40112012,
40112013,
40112019,
40112090,
40113000,
40114000,
40115000,
40117000,
40118011,
40118019,
40118031,
40118039,
40118040,
40119010,
40119020,
40119090,
40121100,
40121210,
40121290,
40121300,
40121920,
40121930,
40121941,
40121949,
40121990,
40122010,
40122021,
40122029,
40122030,
40122040,
40122050,
40122060,
40122071,
40122079,
40122080,
40122091,
40122099,
40129014,
40129017,
40129019,
40129021,
40129022,
40129071,
40129072,
40129080,
40129090,
40131011,
40131019,
40131021,
40131029,
40132000,
40139011,
40139019,
40139020,
40139031,
40139039,
40139040,
40139091,
40139099,
40141000,
40149010,
40149040,
40149050,
40149090,
40151210,
40151290,
40151910,
40151990,
40159010,
40159020,
40159090,
40161010,
40161020,
40161090,
40169110,
40169120,
40169190,
40169210,
40169290,
40169310,
40169320,
40169390,
40169400,
40169500,
40169911,
40169912,
40169913,
40169915,
40169916,
40169917,
40169918,
40169919,
40169920,
40169930,
40169940,
40169951,
40169952,
40169953,
40169954,
40169959,
40169960,
40169970,
40169991,
40169999,
40170010,
40170020,
40170090,
41012000,
41015000,
41019010,
41019090,
41021000,
41022100,
41022900,
41032000,
41033000,
41039000,
41041110,
41041190,
41041900,
41044100,
41044900,
41051000,
41053000,
41062100,
41062200,
41063100,
41063200,
41064000,
41069100,
41069200,
41071100,
41071200,
41071900,
41079100,
41079200,
41079900,
41120000,
41131000,
41132000,
41133000,
41139000,
41141000,
41142000,
41151000,
41152000,
42010000,
42021110,
42021190,
42021211,
42021219,
42021291,
42021299,
42021920,
42021990,
42022100,
42022210,
42022220,
42022900,
42023100,
42023200,
42023900,
42029111,
42029119,
42029190,
42029210,
42029220,
42029290,
42029910,
42029990,
42031000,
42032110,
42032190,
42032910,
42032990,
42033000,
42034000,
42050010,
42050020,
42050030,
42050040,
42050090,
42060000,
43011000,
43013000,
43016000,
43018000,
43019000,
43021100,
43021900,
43022000,
43023000,
43031000,
43039020,
43039090,
43040010,
43040020,
43040091,
43040099,
44011100,
44011200,
44012100,
44012200,
44013100,
44013200,
44013900,
44014100,
44014900,
44021000,
44022010,
44022090,
44029000,
44031110,
44031190,
44031210,
44031290,
44032110,
44032190,
44032210,
44032290,
44032310,
44032390,
44032410,
44032490,
44032510,
44032590,
44032610,
44032690,
44034110,
44034190,
44034210,
44034290,
44034910,
44034990,
44039110,
44039190,
44039310,
44039390,
44039410,
44039490,
44039510,
44039590,
44039610,
44039690,
44039710,
44039790,
44039810,
44039890,
44039910,
44039990,
44041000,
44042010,
44042090,
44050010,
44050020,
44061100,
44061200,
44069100,
44069200,
44071110,
44071190,
44071200,
44071300,
44071400,
44071910,
44071990,
44072110,
44072190,
44072210,
44072290,
44072310,
44072320,
44072390,
44072512,
44072513,
44072519,
44072521,
44072529,
44072620,
44072630,
44072690,
44072720,
44072730,
44072790,
44072810,
44072890,
44072912,
44072913,
44072919,
44072922,
44072923,
44072929,
44072932,
44072933,
44072939,
44072942,
44072943,
44072949,
44072951,
44072959,
44072972,
44072973,
44072979,
44072982,
44072983,
44072989,
44072991,
44072992,
44072994,
44072995,
44072996,
44072997,
44072998,
44072999,
44079120,
44079130,
44079190,
44079210,
44079290,
44079310,
44079390,
44079410,
44079490,
44079510,
44079590,
44079610,
44079690,
44079710,
44079790,
44079910,
44079990,
44081010,
44081030,
44081090,
44083100,
44083910,
44083920,
44083990,
44089010,
44089090,
44091000,
44092100,
44092200,
44092900,
44101100,
44101200,
44101900,
44109000,
44111200,
44111300,
44111400,
44119200,
44119300,
44119400,
44121000,
44123100,
44123300,
44123400,
44123900,
44124110,
44124190,
44124200,
44124900,
44125100,
44125200,
44125900,
44129110,
44129190,
44129200,
44129900,
44130000,
44141000,
44149000,
44151000,
44152000,
44160010,
44160090,
44170010,
44170090,
44181100,
44181900,
44182100,
44182900,
44183000,
44184000,
44185000,
44187310,
44187320,
44187390,
44187400,
44187500,
44187900,
44188110,
44188190,
44188200,
44188300,
44188900,
44189100,
44189200,
44189900,
44191100,
44191200,
44191900,
44192000,
44199000,
44201100,
44201900,
44209010,
44209020,
44209090,
44211000,
44212000,
44219110,
44219120,
44219130,
44219140,
44219150,
44219160,
44219170,
44219190,
44219910,
44219920,
44219930,
44219940,
44219970,
44219980,
44219993,
44219994,
44219995,
44219996,
44219999,
45011000,
45019000,
45020000,
45031000,
45039000,
45041000,
45049000,
46012100,
46012200,
46012900,
46019210,
46019220,
46019290,
46019310,
46019320,
46019390,
46019410,
46019420,
46019490,
46019910,
46019920,
46019930,
46019990,
46021110,
46021120,
46021190,
46021210,
46021220,
46021290,
46021910,
46021920,
46021990,
46029010,
46029020,
46029090,
47010000,
47020010,
47020020,
47031100,
47031900,
47032100,
47032900,
47041100,
47041900,
47042100,
47042900,
47050000,
47061000,
47062000,
47063000,
47069100,
47069200,
47069310,
47069390,
47071000,
47072000,
47073000,
47079000,
48010011,
48010012,
48010013,
48010014,
48010021,
48010022,
48010023,
48010024,
48021000,
48022010,
48022090,
48024010,
48024090,
48025411,
48025419,
48025421,
48025429,
48025430,
48025440,
48025450,
48025490,
48025521,
48025529,
48025540,
48025550,
48025561,
48025569,
48025570,
48025590,
48025621,
48025629,
48025641,
48025649,
48025650,
48025690,
48025721,
48025729,
48025730,
48025790,
48025821,
48025829,
48025831,
48025839,
48025891,
48025899,
48026131,
48026139,
48026141,
48026149,
48026151,
48026159,
48026160,
48026191,
48026199,
48026211,
48026219,
48026221,
48026229,
48026231,
48026239,
48026291,
48026299,
48026911,
48026919,
48026991,
48026999,
48030030,
48030090,
48041100,
48041900,
48042110,
48042190,
48042910,
48042990,
48043110,
48043130,
48043140,
48043150,
48043190,
48043910,
48043920,
48043990,
48044110,
48044190,
48044210,
48044290,
48044910,
48044990,
48045110,
48045120,
48045130,
48045190,
48045210,
48045290,
48045910,
48045990,
48051100,
48051200,
48051910,
48051990,
48052400,
48052510,
48052590,
48053010,
48053090,
48054000,
48055000,
48059110,
48059120,
48059190,
48059210,
48059290,
48059310,
48059320,
48059390,
48061000,
48062000,
48063000,
48064000,
48070000,
48081000,
48084000,
48089020,
48089030,
48089090,
48092000,
48099010,
48099090,
48101310,
48101391,
48101399,
48101410,
48101491,
48101499,
48101910,
48101990,
48102210,
48102290,
48102910,
48102991,
48102999,
48103130,
48103190,
48103230,
48103290,
48103930,
48103990,
48109240,
48109290,
48109940,
48109990,
48111020,
48111090,
48114120,
48114190,
48114900,
48115131,
48115139,
48115191,
48115199,
48115920,
48115941,
48115949,
48115991,
48115999,
48116020,
48116091,
48116099,
48119041,
48119042,
48119049,
48119091,
48119092,
48119093,
48119099,
48120000,
48131000,
48132010,
48132021,
48132022,
48132023,
48132029,
48132031,
48132032,
48132039,
48139011,
48139012,
48139019,
48139091,
48139099,
48142010,
48142091,
48142099,
48149000,
48162010,
48162090,
48169010,
48169020,
48169030,
48169040,
48169050,
48169090,
48171000,
48172000,
48173000,
48181000,
48182000,
48183010,
48183020,
48185000,
48189000,
48191000,
48192000,
48193000,
48194000,
48195000,
48196000,
48201000,
48202000,
48203000,
48204000,
48205000,
48209000,
48211010,
48211090,
48219010,
48219090,
48221010,
48221090,
48229010,
48229090,
48232010,
48232090,
48234021,
48234029,
48234090,
48236100,
48236900,
48237000,
48239010,
48239020,
48239030,
48239040,
48239051,
48239059,
48239060,
48239070,
48239091,
48239092,
48239094,
48239095,
48239096,
48239099,
49011000,
49019100,
49019910,
49019990,
49021000,
49029010,
49029090,
49030000,
49040000,
49052000,
49059000,
49060000,
49070010,
49070021,
49070029,
49070050,
49070060,
49070090,
49081000,
49089000,
49090000,
49100000,
49111010,
49111090,
49119110,
49119121,
49119129,
49119191,
49119199,
49119910,
49119920,
49119930,
49119940,
49119990,
50010000,
50020000,
50030000,
50040000,
50050000,
50060000,
50071020,
50071030,
50071090,
50072020,
50072030,
50072090,
50079020,
50079030,
50079090,
51011100,
51011900,
51012100,
51012900,
51013000,
51021100,
51021900,
51022000,
51031000,
51032000,
51033000,
51040000,
51051000,
51052100,
51052900,
51053100,
51053900,
51054000,
51061000,
51062000,
51071000,
51072000,
51081000,
51082000,
51091000,
51099000,
51100000,
51111100,
51111900,
51112000,
51113000,
51119000,
51121110,
51121190,
51121910,
51121990,
51122000,
51123000,
51129000,
51130000,
52010000,
52021000,
52029100,
52029900,
52030000,
52041110,
52041190,
52041900,
52042000,
52051100,
52051200,
52051300,
52051400,
52051500,
52052100,
52052200,
52052300,
52052400,
52052600,
52052700,
52052800,
52053100,
52053200,
52053300,
52053400,
52053500,
52054100,
52054200,
52054300,
52054400,
52054600,
52054700,
52054800,
52061100,
52061200,
52061300,
52061400,
52061500,
52062100,
52062200,
52062300,
52062400,
52062500,
52063100,
52063200,
52063300,
52063400,
52063500,
52064100,
52064200,
52064300,
52064400,
52064500,
52071000,
52079000,
52081100,
52081200,
52081300,
52081900,
52082100,
52082200,
52082300,
52082900,
52083110,
52083190,
52083200,
52083300,
52083900,
52084110,
52084190,
52084210,
52084290,
52084300,
52084900,
52085110,
52085190,
52085210,
52085290,
52085910,
52085920,
52085990,
52091110,
52091190,
52091200,
52091900,
52092100,
52092200,
52092900,
52093100,
52093200,
52093900,
52094100,
52094200,
52094300,
52094900,
52095110,
52095190,
52095210,
52095290,
52095910,
52095990,
52101100,
52101900,
52102100,
52102900,
52103100,
52103200,
52103900,
52104110,
52104190,
52104900,
52105110,
52105190,
52105910,
52105990,
52111100,
52111200,
52111900,
52112000,
52113100,
52113200,
52113900,
52114110,
52114190,
52114200,
52114300,
52114900,
52115110,
52115190,
52115210,
52115290,
52115910,
52115990,
52121100,
52121200,
52121300,
52121400,
52121510,
52121590,
52122100,
52122200,
52122300,
52122400,
52122510,
52122590,
53011000,
53012100,
53012900,
53013000,
53021000,
53029000,
53031000,
53039000,
53050010,
53050021,
53050022,
53050023,
53050090,
53061000,
53062000,
53071000,
53072000,
53081000,
53082000,
53089010,
53089090,
53091100,
53091900,
53092100,
53092900,
53101010,
53101090,
53109000,
53110010,
53110020,
53110090,
54011010,
54011090,
54012010,
54012090,
54021100,
54021900,
54022000,
54023100,
54023200,
54023310,
54023390,
54023400,
54023900,
54024410,
54024420,
54024490,
54024500,
54024610,
54024690,
54024710,
54024790,
54024800,
54024900,
54025100,
54025200,
54025300,
54025900,
54026100,
54026200,
54026300,
54026900,
54031000,
54033110,
54033190,
54033210,
54033290,
54033310,
54033390,
54033910,
54033990,
54034110,
54034190,
54034200,
54034900,
54041100,
54041200,
54041900,
54049000,
54050000,
54060000,
54071020,
54071091,
54071099,
54072000,
54073000,
54074110,
54074190,
54074200,
54074300,
54074400,
54075100,
54075200,
54075300,
54075400,
54076110,
54076190,
54076910,
54076990,
54077100,
54077200,
54077300,
54077400,
54078100,
54078200,
54078300,
54078400,
54079100,
54079200,
54079300,
54079400,
54081010,
54081090,
54082100,
54082200,
54082300,
54082400,
54083100,
54083200,
54083300,
54083400,
55011100,
55011900,
55012000,
55013000,
55014000,
55019000,
55021000,
55029000,
55031100,
55031900,
55032010,
55032090,
55033000,
55034000,
55039010,
55039090,
55041000,
55049000,
55051000,
55052000,
55061000,
55062000,
55063000,
55064000,
55069000,
55070000,
55081010,
55081090,
55082010,
55082090,
55091100,
55091200,
55092100,
55092200,
55093100,
55093200,
55094100,
55094200,
55095100,
55095210,
55095290,
55095300,
55095900,
55096100,
55096200,
55096900,
55099100,
55099200,
55099900,
55101100,
55101200,
55102000,
55103000,
55109000,
55111010,
55111090,
55112010,
55112090,
55113000,
55121100,
55121900,
55122100,
55122900,
55129100,
55129900,
55131100,
55131200,
55131300,
55131900,
55132100,
55132300,
55132900,
55133100,
55133900,
55134100,
55134900,
55141100,
55141200,
55141900,
55142100,
55142200,
55142300,
55142900,
55143000,
55144100,
55144200,
55144300,
55144900,
55151100,
55151200,
55151300,
55151900,
55152100,
55152200,
55152900,
55159100,
55159910,
55159990,
55161100,
55161200,
55161300,
55161400,
55162100,
55162200,
55162300,
55162400,
55163100,
55163200,
55163300,
55163400,
55164100,
55164200,
55164300,
55164400,
55169100,
55169200,
55169300,
55169400,
56012100,
56012210,
56012290,
56012900,
56013010,
56013020,
56013090,
56021000,
56022100,
56022900,
56029000,
56031100,
56031200,
56031300,
56031400,
56039100,
56039200,
56039300,
56039400,
56041000,
56049010,
56049020,
56049030,
56049090,
56050000,
56060000,
56072100,
56072900,
56074100,
56074900,
56075010,
56075090,
56079010,
56079021,
56079022,
56079030,
56079090,
56081100,
56081920,
56081990,
56089010,
56089090,
56090000,
57011010,
57011090,
57019011,
57019019,
57019020,
57019091,
57019099,
57021000,
57022000,
57023100,
57023200,
57023910,
57023920,
57023990,
57024110,
57024190,
57024210,
57024290,
57024911,
57024919,
57024920,
57024991,
57024999,
57025010,
57025020,
57025090,
57029110,
57029190,
57029210,
57029290,
57029911,
57029919,
57029920,
57029991,
57029999,
57031010,
57031020,
57031030,
57031090,
57032100,
57032910,
57032990,
57033100,
57033910,
57033990,
57039011,
57039019,
57039021,
57039022,
57039029,
57039091,
57039092,
57039093,
57039099,
57041000,
57042000,
57049000,
57050011,
57050019,
57050021,
57050029,
57050091,
57050092,
57050099,
58011010,
58011090,
58012110,
58012190,
58012210,
58012290,
58012310,
58012390,
58012610,
58012690,
58012710,
58012790,
58013110,
58013190,
58013210,
58013290,
58013310,
58013390,
58013610,
58013690,
58013711,
58013712,
58013791,
58013792,
58019011,
58019019,
58019091,
58019099,
58021010,
58021090,
58022010,
58022090,
58023010,
58023020,
58023030,
58023090,
58030010,
58030020,
58030030,
58030090,
58041011,
58041019,
58041021,
58041029,
58041091,
58041099,
58042110,
58042190,
58042910,
58042990,
58043000,
58050010,
58050090,
58061010,
58061020,
58061090,
58062010,
58062090,
58063110,
58063120,
58063130,
58063190,
58063210,
58063240,
58063250,
58063290,
58063910,
58063991,
58063992,
58063993,
58063999,
58064000,
58071000,
58079010,
58079090,
58081010,
58081090,
58089010,
58089090,
58090000,
58101000,
58109100,
58109200,
58109900,
58110010,
58110090,
59011000,
59019010,
59019020,
59019090,
59021011,
59021019,
59021091,
59021099,
59022020,
59022091,
59022099,
59029000,
59031010,
59031090,
59032000,
59039010,
59039090,
59041000,
59049000,
59050010,
59050090,
59061000,
59069100,
59069910,
59069990,
59070010,
59070030,
59070040,
59070050,
59070060,
59070090,
59080010,
59080090,
59090010,
59090090,
59100000,
59111000,
59112000,
59113100,
59113200,
59114000,
59119010,
59119090,
60011000,
60012100,
60012200,
60012900,
60019100,
60019220,
60019230,
60019290,
60019900,
60024000,
60029000,
60031000,
60032000,
60033000,
60034000,
60039000,
60041010,
60041090,
60049000,
60052100,
60052200,
60052300,
60052400,
60053500,
60053610,
60053690,
60053710,
60053790,
60053810,
60053890,
60053910,
60053990,
60054100,
60054200,
60054300,
60054400,
60059010,
60059090,
60061000,
60062100,
60062200,
60062300,
60062400,
60063110,
60063120,
60063190,
60063210,
60063220,
60063290,
60063310,
60063390,
60063410,
60063490,
60064110,
60064190,
60064210,
60064290,
60064310,
60064390,
60064410,
60064490,
60069000,
61012000,
61013000,
61019000,
61021000,
61022000,
61023000,
61029000,
61031000,
61032200,
61032300,
61032900,
61033100,
61033200,
61033300,
61033910,
61033990,
61034100,
61034200,
61034300,
61034900,
61041300,
61041920,
61041990,
61042200,
61042300,
61042900,
61043100,
61043200,
61043300,
61043900,
61044100,
61044200,
61044300,
61044400,
61044900,
61045100,
61045200,
61045300,
61045900,
61046100,
61046200,
61046300,
61046900,
61051000,
61052010,
61052020,
61059000,
61061000,
61062000,
61069000,
61071100,
61071200,
61071900,
61072100,
61072200,
61072900,
61079100,
61079900,
61081100,
61081920,
61081930,
61081940,
61081990,
61082100,
61082200,
61082900,
61083100,
61083200,
61083900,
61089100,
61089200,
61089900,
61091010,
61091020,
61099010,
61099020,
61099030,
61101100,
61101200,
61101900,
61102000,
61103000,
61109000,
61112000,
61113000,
61119010,
61119090,
61121100,
61121200,
61121900,
61122000,
61123100,
61123900,
61124110,
61124190,
61124910,
61124990,
61130010,
61130030,
61130040,
61130090,
61142000,
61143020,
61143090,
61149010,
61149090,
61151010,
61151090,
61152100,
61152200,
61152910,
61152990,
61153010,
61153090,
61159400,
61159500,
61159600,
61159900,
61161010,
61161090,
61169100,
61169200,
61169300,
61169900,
61171010,
61171090,
61178011,
61178019,
61178020,
61178090,
61179000,
62012010,
62012090,
62013010,
62013090,
62014010,
62014090,
62019011,
62019019,
62019021,
62019029,
62019090,
62022010,
62022090,
62023010,
62023090,
62024010,
62024090,
62029010,
62029020,
62029090,
62031100,
62031200,
62031911,
62031919,
62031921,
62031929,
62031990,
62032210,
62032290,
62032300,
62032910,
62032990,
62033100,
62033210,
62033290,
62033300,
62033900,
62034100,
62034210,
62034290,
62034300,
62034910,
62034990,
62041100,
62041210,
62041290,
62041300,
62041911,
62041919,
62041990,
62042100,
62042210,
62042290,
62042300,
62042910,
62042990,
62043100,
62043210,
62043290,
62043300,
62043911,
62043919,
62043990,
62044100,
62044210,
62044290,
62044300,
62044400,
62044910,
62044990,
62045100,
62045210,
62045290,
62045300,
62045910,
62045990,
62046100,
62046200,
62046300,
62046900,
62052010,
62052020,
62052090,
62053010,
62053090,
62059010,
62059091,
62059092,
62059099,
62061010,
62061090,
62062000,
62063010,
62063090,
62064000,
62069000,
62071100,
62071900,
62072110,
62072190,
62072200,
62072910,
62072990,
62079100,
62079910,
62079990,
62081100,
62081900,
62082110,
62082190,
62082200,
62082910,
62082990,
62089110,
62089190,
62089210,
62089290,
62089910,
62089990,
62092030,
62092040,
62092090,
62093010,
62093030,
62093040,
62093090,
62099000,
62101011,
62101019,
62101090,
62102020,
62102030,
62102040,
62102090,
62103020,
62103030,
62103040,
62103090,
62104010,
62104020,
62104090,
62105010,
62105020,
62105090,
62111100,
62111200,
62112000,
62113210,
62113220,
62113290,
62113310,
62113320,
62113330,
62113340,
62113390,
62113910,
62113920,
62113930,
62113940,
62113990,
62114210,
62114220,
62114230,
62114290,
62114310,
62114320,
62114330,
62114340,
62114350,
62114360,
62114370,
62114390,
62114910,
62114920,
62114931,
62114939,
62114950,
62114960,
62114990,
62121011,
62121019,
62121091,
62121099,
62122010,
62122090,
62123010,
62123090,
62129011,
62129012,
62129019,
62129091,
62129092,
62129099,
62132010,
62132090,
62139011,
62139019,
62139091,
62139099,
62141010,
62141090,
62142000,
62143010,
62143090,
62144010,
62144090,
62149010,
62149090,
62151010,
62151090,
62152010,
62152090,
62159010,
62159090,
62160010,
62160091,
62160092,
62160099,
62171010,
62171090,
62179000,
63011000,
63012000,
63013010,
63013090,
63014010,
63014090,
63019010,
63019090,
63021000,
63022100,
63022210,
63022290,
63022900,
63023100,
63023210,
63023290,
63023900,
63024000,
63025110,
63025190,
63025300,
63025910,
63025990,
63026000,
63029100,
63029300,
63029910,
63029990,
63031200,
63031910,
63031990,
63039100,
63039200,
63039900,
63041100,
63041910,
63041920,
63041990,
63042000,
63049110,
63049190,
63049200,
63049300,
63049900,
63051011,
63051019,
63051021,
63051029,
63052000,
63053210,
63053220,
63053290,
63053310,
63053320,
63053390,
63053910,
63053920,
63053990,
63059010,
63059020,
63059090,
63061200,
63061910,
63061920,
63061990,
63062200,
63062910,
63062990,
63063000,
63064010,
63064090,
63069010,
63069091,
63069099,
63071010,
63071020,
63071090,
63072000,
63079030,
63079040,
63079061,
63079069,
63079070,
63079080,
63079090,
63080000,
63090000,
63101010,
63101090,
63109010,
63109090,
64011000,
64019210,
64019290,
64019910,
64019990,
64021200,
64021910,
64021990,
64022000,
64029110,
64029191,
64029192,
64029199,
64029910,
64029920,
64029990,
64031200,
64031910,
64031920,
64031930,
64031990,
64032000,
64034000,
64035100,
64035910,
64035990,
64039110,
64039120,
64039130,
64039190,
64039910,
64039920,
64039930,
64039990,
64041110,
64041120,
64041190,
64041910,
64041990,
64042000,
64051000,
64052000,
64059000,
64061010,
64061090,
64062010,
64062020,
64069010,
64069021,
64069022,
64069023,
64069029,
64069041,
64069042,
64069049,
64069051,
64069052,
64069059,
64069091,
64069099,
65010000,
65020000,
65040000,
65050010,
65050020,
65050090,
65061010,
65061020,
65061030,
65061040,
65061090,
65069100,
65069910,
65069990,
65070000,
66011000,
66019100,
66019900,
66020000,
66032000,
66039010,
66039020,
67010000,
67021000,
67029010,
67029020,
67029090,
67030000,
67041100,
67041900,
67042000,
67049000,
68010000,
68021000,
68022100,
68022300,
68022910,
68022990,
68029110,
68029190,
68029200,
68029310,
68029390,
68029900,
68030000,
68041000,
68042100,
68042200,
68042300,
68043000,
68051000,
68052000,
68053000,
68061000,
68062000,
68069000,
68071000,
68079010,
68079090,
68080020,
68080040,
68080091,
68080099,
68091100,
68091910,
68091990,
68099010,
68099090,
68101100,
68101910,
68101990,
68109110,
68109190,
68109900,
68114010,
68114021,
68114022,
68114029,
68114030,
68114040,
68114050,
68114090,
68118100,
68118210,
68118220,
68118290,
68118910,
68118920,
68118930,
68118990,
68128020,
68128030,
68128050,
68128090,
68129110,
68129190,
68129920,
68129930,
68129940,
68129951,
68129959,
68129990,
68132010,
68132090,
68138100,
68138900,
68141000,
68149000,
68151100,
68151200,
68151310,
68151390,
68151910,
68151920,
68151990,
68152000,
68159100,
68159900,
69010000,
69021000,
69022000,
69029000,
69031000,
69032000,
69039000,
69041000,
69049000,
69051000,
69059000,
69060000,
69072110,
69072121,
69072122,
69072123,
69072124,
69072191,
69072192,
69072193,
69072194,
69072211,
69072212,
69072213,
69072214,
69072291,
69072292,
69072293,
69072294,
69072311,
69072312,
69072313,
69072314,
69072391,
69072392,
69072393,
69072394,
69073011,
69073019,
69073091,
69073099,
69074010,
69074021,
69074022,
69074091,
69074092,
69091100,
69091200,
69091900,
69099000,
69101000,
69109000,
69111000,
69119000,
69120000,
69131010,
69131090,
69139010,
69139090,
69141000,
69149000,
70010000,
70021000,
70022000,
70023110,
70023190,
70023210,
70023230,
70023240,
70023290,
70023910,
70023920,
70023990,
70031210,
70031220,
70031290,
70031910,
70031920,
70031990,
70032010,
70032090,
70033010,
70033090,
70042010,
70042020,
70042090,
70049010,
70049020,
70049090,
70051010,
70051090,
70052110,
70052120,
70052190,
70052910,
70052920,
70052990,
70053010,
70053090,
70060010,
70060090,
70071110,
70071120,
70071190,
70071910,
70071990,
70072110,
70072120,
70072190,
70072910,
70072990,
70080000,
70091000,
70099100,
70099200,
70101000,
70102000,
70109010,
70109040,
70109091,
70109099,
70111010,
70111090,
70112000,
70119000,
70131000,
70132200,
70132800,
70133300,
70133700,
70134100,
70134200,
70134900,
70139100,
70139900,
70140010,
70140090,
70151000,
70159010,
70159090,
70161000,
70169000,
70171010,
70171090,
70172000,
70179000,
70181010,
70181090,
70182000,
70189010,
70189090,
70191100,
70191200,
70191300,
70191400,
70191500,
70191900,
70196100,
70196200,
70196300,
70196400,
70196500,
70196600,
70196900,
70197100,
70197200,
70197300,
70198010,
70198020,
70199020,
70199030,
70199040,
70199050,
70199090,
70200011,
70200019,
70200020,
70200030,
70200040,
70200090,
71011000,
71012100,
71012200,
71021000,
71022100,
71022900,
71023100,
71023900,
71031010,
71031020,
71031090,
71039110,
71039190,
71039900,
71041010,
71041020,
71042100,
71042900,
71049100,
71049900,
71051000,
71059000,
71061000,
71069100,
71069200,
71070000,
71081100,
71081210,
71081290,
71081300,
71082000,
71090000,
71101110,
71101190,
71101900,
71102110,
71102190,
71102900,
71103110,
71103190,
71103900,
71104110,
71104190,
71104900,
71110010,
71110090,
71123000,
71129100,
71129200,
71129910,
71129990,
71131110,
71131190,
71131910,
71131990,
71132010,
71132090,
71141100,
71141900,
71142000,
71151000,
71159010,
71159020,
71159090,
71161000,
71162000,
71171110,
71171190,
71171910,
71171920,
71171990,
71179010,
71179020,
71179094,
71179099,
71181010,
71181090,
71189010,
71189020,
71189090,
72011000,
72012000,
72015000,
72021100,
72021900,
72022100,
72022900,
72023000,
72024100,
72024900,
72025000,
72026000,
72027000,
72028000,
72029100,
72029200,
72029300,
72029900,
72031000,
72039000,
72041000,
72042100,
72042900,
72043000,
72044100,
72044900,
72045000,
72051000,
72052100,
72052900,
72061010,
72061090,
72069000,
72071100,
72071210,
72071290,
72071900,
72072010,
72072021,
72072029,
72072091,
72072092,
72072099,
72081000,
72082500,
72082600,
72082711,
72082719,
72082791,
72082799,
72083600,
72083700,
72083800,
72083910,
72083920,
72083930,
72083940,
72083990,
72084000,
72085100,
72085200,
72085300,
72085410,
72085490,
72089010,
72089020,
72089090,
72091500,
72091610,
72091690,
72091710,
72091790,
72091810,
72091891,
72091899,
72092500,
72092610,
72092690,
72092710,
72092790,
72092810,
72092890,
72099010,
72099090,
72101110,
72101190,
72101210,
72101290,
72102010,
72102090,
72103011,
72103012,
72103019,
72103091,
72103099,
72104111,
72104112,
72104119,
72104191,
72104199,
72104911,
72104914,
72104915,
72104916,
72104917,
72104918,
72104919,
72104991,
72104999,
72105000,
72106111,
72106112,
72106119,
72106191,
72106192,
72106199,
72106911,
72106919,
72106991,
72106999,
72107012,
72107013,
72107019,
72107021,
72107029,
72107091,
72107099,
72109010,
72109090,
72111312,
72111313,
72111314,
72111319,
72111392,
72111393,
72111399,
72111414,
72111415,
72111416,
72111417,
72111419,
72111494,
72111495,
72111499,
72111913,
72111914,
72111919,
72111991,
72111999,
72112310,
72112320,
72112330,
72112390,
72112910,
72112920,
72112930,
72112990,
72119011,
72119012,
72119013,
72119014,
72119019,
72119091,
72119099,
72121011,
72121014,
72121019,
72121094,
72121099,
72122010,
72122020,
72122090,
72123011,
72123012,
72123013,
72123014,
72123019,
72123090,
72124011,
72124012,
72124013,
72124014,
72124019,
72124091,
72124099,
72125014,
72125019,
72125023,
72125024,
72125029,
72125093,
72125094,
72125099,
72126011,
72126012,
72126019,
72126091,
72126099,
72131010,
72131090,
72132000,
72139110,
72139120,
72139130,
72139190,
72139910,
72139920,
72139990,
72141011,
72141019,
72141021,
72141029,
72142031,
72142039,
72142041,
72142049,
72142051,
72142059,
72142061,
72142069,
72143010,
72143090,
72149111,
72149112,
72149119,
72149120,
72149911,
72149919,
72149991,
72149992,
72149993,
72149999,
72151010,
72151090,
72155010,
72155091,
72155099,
72159010,
72159091,
72159099,
72161000,
72162110,
72162190,
72162200,
72163110,
72163190,
72163210,
72163290,
72163311,
72163319,
72163390,
72164010,
72164090,
72165011,
72165019,
72165091,
72165099,
72166100,
72166900,
72169110,
72169190,
72169900,
72171010,
72171022,
72171029,
72171032,
72171033,
72171039,
72172010,
72172020,
72172091,
72172099,
72173011,
72173019,
72173020,
72173033,
72173034,
72173035,
72173039,
72179010,
72179090,
72181000,
72189100,
72189900,
72191100,
72191200,
72191300,
72191400,
72192100,
72192200,
72192300,
72192400,
72193100,
72193200,
72193300,
72193400,
72193500,
72199000,
72201110,
72201190,
72201210,
72201290,
72202010,
72202090,
72209010,
72209090,
72210000,
72221100,
72221900,
72222010,
72222090,
72223010,
72223090,
72224010,
72224090,
72230010,
72230090,
72241000,
72249000,
72251100,
72251900,
72253010,
72253090,
72254010,
72254090,
72255010,
72255090,
72259110,
72259190,
72259210,
72259220,
72259290,
72259910,
72259990,
72261110,
72261190,
72261910,
72261990,
72262010,
72262090,
72269110,
72269190,
72269210,
72269290,
72269911,
72269919,
72269991,
72269999,
72271000,
72272000,
72279010,
72279090,
72281010,
72281090,
72282011,
72282019,
72282091,
72282099,
72283010,
72283090,
72284010,
72284090,
72285010,
72285090,
72286010,
72286090,
72287010,
72287090,
72288011,
72288019,
72288090,
72292000,
72299021,
72299029,
72299030,
72299091,
72299099,
73011000,
73012000,
73021000,
73023000,
73024000,
73029010,
73029090,
73030011,
73030019,
73030091,
73030099,
73041100,
73041900,
73042210,
73042290,
73042310,
73042390,
73042410,
73042420,
73042430,
73042910,
73042920,
73042930,
73043110,
73043120,
73043140,
73043190,
73043920,
73043940,
73043990,
73044100,
73044900,
73045110,
73045120,
73045190,
73045910,
73045990,
73049010,
73049030,
73049090,
73051100,
73051210,
73051290,
73051910,
73051990,
73052000,
73053110,
73053190,
73053910,
73053990,
73059000,
73061110,
73061190,
73061910,
73061920,
73061990,
73062100,
73062900,
73063011,
73063019,
73063021,
73063029,
73063030,
73063041,
73063049,
73063091,
73063092,
73063099,
73064011,
73064019,
73064020,
73064030,
73064090,
73065011,
73065019,
73065091,
73065099,
73066110,
73066190,
73066910,
73066990,
73069011,
73069019,
73069091,
73069094,
73069095,
73069096,
73069097,
73069099,
73071110,
73071190,
73071900,
73072110,
73072190,
73072210,
73072290,
73072310,
73072390,
73072910,
73072990,
73079110,
73079190,
73079210,
73079290,
73079310,
73079390,
73079910,
73079990,
73081010,
73081090,
73082011,
73082019,
73082021,
73082029,
73083010,
73083090,
73084010,
73084090,
73089020,
73089040,
73089050,
73089060,
73089092,
73089099,
73090011,
73090019,
73090091,
73090099,
73101010,
73101091,
73101099,
73102111,
73102119,
73102191,
73102199,
73102911,
73102919,
73102991,
73102992,
73102999,
73110021,
73110022,
73110023,
73110024,
73110025,
73110026,
73110027,
73110029,
73110091,
73110092,
73110094,
73110099,
73121010,
73121020,
73121030,
73121091,
73121099,
73129000,
73130000,
73141200,
73141400,
73141910,
73141990,
73142000,
73143100,
73143900,
73144100,
73144200,
73144900,
73145000,
73151110,
73151191,
73151199,
73151210,
73151290,
73151910,
73151990,
73152000,
73158100,
73158200,
73158910,
73158990,
73159020,
73159090,
73160000,
73170010,
73170020,
73170030,
73170090,
73181100,
73181210,
73181290,
73181300,
73181410,
73181490,
73181510,
73181590,
73181610,
73181690,
73181910,
73181990,
73182100,
73182200,
73182310,
73182390,
73182400,
73182910,
73182990,
73194010,
73194020,
73199010,
73199090,
73201011,
73201012,
73201019,
73201090,
73202011,
73202012,
73202019,
73202090,
73209010,
73209090,
73211100,
73211200,
73211910,
73211990,
73218100,
73218200,
73218900,
73219010,
73219021,
73219029,
73219090,
73221100,
73221900,
73229000,
73231000,
73239110,
73239120,
73239190,
73239200,
73239310,
73239320,
73239390,
73239400,
73239910,
73239920,
73239990,
73241010,
73241090,
73242110,
73242190,
73242910,
73242990,
73249010,
73249091,
73249093,
73249099,
73251020,
73251030,
73251090,
73259100,
73259920,
73259990,
73261100,
73261900,
73262050,
73262060,
73262070,
73262090,
73269010,
73269020,
73269030,
73269060,
73269070,
73269091,
73269099,
74010010,
74010020,
74020010,
74020090,
74031100,
74031200,
74031300,
74031900,
74032100,
74032200,
74032900,
74040000,
74050000,
74061000,
74062000,
74071030,
74071041,
74071049,
74072100,
74072900,
74081120,
74081130,
74081190,
74081910,
74081990,
74082100,
74082200,
74082910,
74082990,
74091100,
74091900,
74092100,
74092900,
74093100,
74093900,
74094000,
74099000,
74101110,
74101190,
74101200,
74102100,
74102200,
74111000,
74112100,
74112200,
74112900,
74121000,
74122020,
74122091,
74122099,
74130011,
74130019,
74130091,
74130099,
74151010,
74151020,
74151090,
74152100,
74152900,
74153310,
74153320,
74153900,
74181010,
74181030,
74181090,
74182000,
74192010,
74192020,
74192090,
74198010,
74198021,
74198029,
74198030,
74198040,
74198050,
74198060,
74198070,
74198080,
74198090,
75011000,
75012000,
75021000,
75022000,
75030000,
75040000,
75051100,
75051200,
75052100,
75052200,
75061000,
75062000,
75071100,
75071200,
75072000,
75081000,
75089030,
75089050,
75089090,
76011000,
76012000,
76020000,
76031000,
76032010,
76032020,
76041010,
76041090,
76042110,
76042120,
76042190,
76042910,
76042930,
76042990,
76051100,
76051910,
76051990,
76052100,
76052910,
76052990,
76061110,
76061190,
76061220,
76061232,
76061233,
76061234,
76061235,
76061239,
76061290,
76069100,
76069200,
76071100,
76071900,
76072010,
76072091,
76072099,
76081000,
76082000,
76090000,
76101010,
76101090,
76109030,
76109091,
76109099,
76110000,
76121000,
76129010,
76129090,
76130000,
76141011,
76141012,
76141019,
76141090,
76149011,
76149012,
76149019,
76149090,
76151010,
76151090,
76152020,
76152090,
76161010,
76161020,
76161090,
76169100,
76169920,
76169930,
76169940,
76169951,
76169959,
76169960,
76169970,
76169980,
76169990,
78011000,
78019100,
78019900,
78020000,
78041110,
78041190,
78041900,
78042000,
78060020,
78060030,
78060040,
78060090,
79011100,
79011200,
79012000,
79020000,
79031000,
79039000,
79040000,
79050040,
79050090,
79070030,
79070040,
79070091,
79070092,
79070093,
79070099,
80011000,
80012000,
80020000,
80030010,
80030090,
80070020,
80070030,
80070040,
80070091,
80070092,
80070093,
80070099,
81011000,
81019400,
81019600,
81019700,
81019910,
81019990,
81021000,
81029400,
81029500,
81029600,
81029700,
81029900,
81032000,
81033000,
81039100,
81039900,
81041100,
81041900,
81042000,
81043000,
81049000,
81052010,
81052090,
81053000,
81059000,
81061010,
81061090,
81069010,
81069090,
81082000,
81083000,
81089000,
81092100,
81092900,
81093100,
81093900,
81099100,
81099900,
81101000,
81102000,
81109000,
81110010,
81110090,
81121200,
81121300,
81121900,
81122100,
81122200,
81122900,
81123100,
81123900,
81124100,
81124900,
81125100,
81125200,
81125900,
81126100,
81126910,
81126990,
81129200,
81129900,
81130000,
82011000,
82013010,
82013090,
82014000,
82015000,
82016000,
82019000,
82021000,
82022000,
82023100,
82023900,
82024000,
82029100,
82029910,
82029990,
82031000,
82032000,
82033000,
82034000,
82041100,
82041200,
82042000,
82051000,
82052000,
82053000,
82054000,
82055100,
82055900,
82056000,
82057000,
82059000,
82060000,
82071300,
82071900,
82072000,
82073000,
82074000,
82075000,
82076000,
82077000,
82078000,
82079000,
82081000,
82082000,
82083000,
82084000,
82089000,
82090000,
82100000,
82111000,
82119100,
82119250,
82119292,
82119299,
82119321,
82119329,
82119330,
82119390,
82119410,
82119490,
82119500,
82121000,
82122010,
82122090,
82129000,
82130000,
82141000,
82142000,
82149000,
82151000,
82152000,
82159100,
82159900,
83011000,
83012000,
83013000,
83014010,
83014020,
83014090,
83015000,
83016000,
83017000,
83021000,
83022010,
83022090,
83023010,
83023090,
83024131,
83024139,
83024190,
83024220,
83024290,
83024910,
83024991,
83024999,
83025000,
83026000,
83030000,
83040010,
83040091,
83040092,
83040099,
83051010,
83051090,
83052010,
83052020,
83052090,
83059010,
83059090,
83061000,
83062100,
83062910,
83062920,
83062930,
83062990,
83063010,
83063091,
83063099,
83071000,
83079000,
83081000,
83082000,
83089010,
83089020,
83089090,
83091000,
83099010,
83099020,
83099060,
83099070,
83099081,
83099089,
83099091,
83099092,
83099099,
83100000,
83111010,
83111090,
83112021,
83112029,
83112090,
83113021,
83113029,
83113091,
83113099,
83119000,
84011000,
84012000,
84013000,
84014000,
84021110,
84021120,
84021211,
84021219,
84021221,
84021229,
84021911,
84021919,
84021921,
84021929,
84022010,
84022020,
84029010,
84029090,
84031000,
84039010,
84039090,
84041011,
84041019,
84041020,
84042000,
84049011,
84049019,
84049021,
84049029,
84049090,
84051000,
84059000,
84061000,
84068100,
84068210,
84068290,
84069000,
84071000,
84072110,
84072190,
84072920,
84072990,
84073100,
84073211,
84073212,
84073219,
84073222,
84073229,
84073310,
84073320,
84073390,
84073440,
84073450,
84073460,
84073471,
84073472,
84073473,
84073491,
84073492,
84073493,
84073494,
84073495,
84073499,
84079010,
84079020,
84079090,
84081010,
84081020,
84081030,
84081090,
84082010,
84082021,
84082022,
84082023,
84082093,
84082094,
84082095,
84082096,
84089010,
84089051,
84089052,
84089059,
84089091,
84089092,
84089099,
84091000,
84099111,
84099112,
84099113,
84099114,
84099115,
84099116,
84099117,
84099118,
84099119,
84099121,
84099122,
84099123,
84099124,
84099126,
84099128,
84099129,
84099131,
84099132,
84099134,
84099135,
84099137,
84099138,
84099139,
84099141,
84099142,
84099143,
84099144,
84099145,
84099146,
84099147,
84099148,
84099149,
84099151,
84099152,
84099153,
84099154,
84099155,
84099159,
84099161,
84099162,
84099163,
84099164,
84099169,
84099171,
84099172,
84099173,
84099174,
84099176,
84099177,
84099178,
84099179,
84099911,
84099912,
84099913,
84099914,
84099915,
84099916,
84099917,
84099918,
84099919,
84099921,
84099922,
84099923,
84099924,
84099925,
84099926,
84099927,
84099929,
84099931,
84099932,
84099934,
84099936,
84099937,
84099938,
84099939,
84099941,
84099942,
84099943,
84099944,
84099945,
84099946,
84099947,
84099948,
84099949,
84099951,
84099952,
84099953,
84099954,
84099955,
84099959,
84099961,
84099962,
84099963,
84099964,
84099965,
84099969,
84099971,
84099972,
84099973,
84099974,
84099975,
84099976,
84099977,
84099978,
84099979,
84101100,
84101200,
84101300,
84109000,
84111100,
84111200,
84112100,
84112200,
84118100,
84118200,
84119100,
84119900,
84121000,
84122100,
84122900,
84123100,
84123900,
84128000,
84129010,
84129020,
84129090,
84131100,
84131910,
84131920,
84132010,
84132020,
84132090,
84133030,
84133040,
84133051,
84133052,
84133090,
84134000,
84135031,
84135032,
84135040,
84135090,
84136031,
84136032,
84136040,
84136090,
84137011,
84137019,
84137031,
84137039,
84137042,
84137043,
84137049,
84137051,
84137059,
84137091,
84137099,
84138113,
84138114,
84138115,
84138119,
84138210,
84138220,
84139110,
84139120,
84139130,
84139140,
84139190,
84139200,
84141000,
84142010,
84142090,
84143040,
84143090,
84144000,
84145110,
84145191,
84145199,
84145910,
84145920,
84145930,
84145941,
84145949,
84145950,
84145991,
84145992,
84145999,
84146011,
84146019,
84146091,
84146099,
84147011,
84147019,
84147021,
84147029,
84148011,
84148019,
84148021,
84148029,
84148030,
84148041,
84148042,
84148043,
84148049,
84148050,
84148090,
84149021,
84149022,
84149029,
84149031,
84149032,
84149041,
84149042,
84149050,
84149060,
84149070,
84149080,
84149090,
84151020,
84151030,
84151090,
84152010,
84152090,
84158111,
84158112,
84158119,
84158121,
84158129,
84158131,
84158139,
84158195,
84158196,
84158197,
84158198,
84158199,
84158211,
84158219,
84158221,
84158229,
84158231,
84158239,
84158291,
84158299,
84158311,
84158319,
84158321,
84158329,
84158331,
84158339,
84158391,
84158399,
84159013,
84159014,
84159015,
84159019,
84159024,
84159025,
84159026,
84159029,
84159034,
84159035,
84159036,
84159039,
84159044,
84159045,
84159046,
84159049,
84161000,
84162000,
84163000,
84169000,
84171000,
84172000,
84178010,
84178090,
84179000,
84181031,
84181032,
84181039,
84181040,
84181091,
84181099,
84182110,
84182190,
84182900,
84183010,
84183090,
84184010,
84184090,
84185011,
84185019,
84185091,
84185099,
84186100,
84186910,
84186930,
84186941,
84186949,
84186950,
84186990,
84189100,
84189910,
84189940,
84189990,
84191110,
84191190,
84191200,
84191910,
84191990,
84192000,
84193310,
84193390,
84193410,
84193420,
84193490,
84193510,
84193520,
84193930,
84193990,
84194010,
84194020,
84195010,
84195020,
84195091,
84195092,
84196000,
84198110,
84198120,
84198913,
84198919,
84198920,
84199012,
84199013,
84199019,
84199022,
84199029,
84201010,
84201020,
84201090,
84209110,
84209190,
84209910,
84209990,
84211100,
84211200,
84211910,
84211990,
84212111,
84212119,
84212122,
84212123,
84212230,
84212290,
84212311,
84212319,
84212321,
84212329,
84212391,
84212399,
84212910,
84212920,
84212930,
84212940,
84212950,
84212960,
84212990,
84213110,
84213120,
84213190,
84213200,
84213920,
84213930,
84213990,
84219110,
84219120,
84219190,
84219921,
84219929,
84219930,
84219940,
84219950,
84219960,
84219970,
84219991,
84219994,
84219996,
84219997,
84219999,
84221100,
84221900,
84222000,
84223000,
84224000,
84229010,
84229090,
84231010,
84231020,
84232010,
84232090,
84233010,
84233090,
84238110,
84238190,
84238231,
84238232,
84238239,
84238241,
84238242,
84238249,
84238910,
84238990,
84239010,
84239030,
84239040,
84241010,
84241090,
84242011,
84242019,
84242021,
84242029,
84243000,
84244110,
84244120,
84244190,
84244910,
84244920,
84248210,
84248220,
84248230,
84248910,
84248920,
84248940,
84248950,
84248990,
84249010,
84249021,
84249023,
84249024,
84249029,
84249030,
84249093,
84249094,
84249095,
84249096,
84249099,
84251100,
84251900,
84253100,
84253900,
84254100,
84254210,
84254290,
84254910,
84254920,
84261100,
84261200,
84261920,
84261930,
84261990,
84262000,
84263000,
84264100,
84264900,
84269100,
84269900,
84271000,
84272000,
84279000,
84281031,
84281039,
84281040,
84282010,
84282090,
84283100,
84283210,
84283290,
84283310,
84283390,
84283910,
84283990,
84284000,
84286000,
84287000,
84289020,
84289030,
84289090,
84291100,
84291900,
84292000,
84293000,
84294030,
84294040,
84294050,
84294090,
84295100,
84295200,
84295900,
84301000,
84302000,
84303100,
84303900,
84304100,
84304910,
84304990,
84305000,
84306100,
84306900,
84311013,
84311019,
84311022,
84311029,
84312010,
84312090,
84313110,
84313120,
84313910,
84313940,
84313950,
84313990,
84314110,
84314190,
84314200,
84314300,
84314910,
84314920,
84314940,
84314950,
84314960,
84314990,
84321000,
84322100,
84322900,
84323100,
84323900,
84324100,
84324200,
84328010,
84328020,
84328090,
84329010,
84329020,
84329090,
84331100,
84331910,
84331990,
84332000,
84333000,
84334000,
84335100,
84335200,
84335300,
84335920,
84335990,
84336010,
84336020,
84339010,
84339020,
84339030,
84339090,
84341000,
84342000,
84349000,
84351010,
84351020,
84359010,
84359020,
84361010,
84361020,
84362110,
84362120,
84362910,
84362920,
84368011,
84368019,
84368021,
84368029,
84369100,
84369911,
84369919,
84369921,
84369929,
84371010,
84371020,
84371030,
84371040,
84378010,
84378020,
84378030,
84378040,
84378051,
84378059,
84378061,
84378069,
84379011,
84379019,
84379021,
84379029,
84381000,
84382010,
84382020,
84383010,
84383020,
84384000,
84385000,
84386000,
84388011,
84388012,
84388021,
84388022,
84388091,
84388092,
84389011,
84389012,
84389019,
84389021,
84389022,
84389029,
84391000,
84392000,
84393000,
84399100,
84399900,
84401010,
84401020,
84409000,
84411010,
84411020,
84412000,
84413000,
84414000,
84418010,
84418020,
84419000,
84423000,
84424000,
84425000,
84431100,
84431200,
84431300,
84431400,
84431500,
84431600,
84431700,
84431900,
84433111,
84433119,
84433121,
84433129,
84433131,
84433139,
84433191,
84433199,
84433211,
84433219,
84433221,
84433229,
84433231,
84433239,
84433240,
84433250,
84433260,
84433290,
84433910,
84433920,
84433930,
84433940,
84433990,
84439100,
84439910,
84439920,
84439930,
84439990,
84440010,
84440020,
84451110,
84451120,
84451200,
84451300,
84451930,
84451940,
84451950,
84452010,
84452020,
84453010,
84453020,
84454010,
84454020,
84459010,
84459020,
84461010,
84461020,
84462100,
84462900,
84463000,
84471100,
84471200,
84472010,
84472020,
84479010,
84479020,
84481110,
84481120,
84481910,
84481920,
84482000,
84483100,
84483200,
84483300,
84483900,
84484200,
84484911,
84484912,
84484990,
84485100,
84485900,
84490000,
84501110,
84501190,
84501210,
84501290,
84501911,
84501919,
84501991,
84501999,
84502000,
84509010,
84509020,
84511000,
84512100,
84512900,
84513010,
84513090,
84514000,
84515000,
84518000,
84519010,
84519090,
84521000,
84522100,
84522900,
84523000,
84529011,
84529012,
84529019,
84529091,
84529092,
84529099,
84531010,
84531020,
84532010,
84532020,
84538010,
84538020,
84539000,
84541000,
84542000,
84543000,
84549000,
84551000,
84552100,
84552200,
84553000,
84559000,
84561110,
84561190,
84561210,
84561290,
84562000,
84563000,
84564010,
84564020,
84564090,
84565000,
84569020,
84569090,
84571010,
84571090,
84572000,
84573000,
84581110,
84581190,
84581910,
84581990,
84589100,
84589910,
84589990,
84591000,
84592100,
84592910,
84592920,
84593100,
84593910,
84593920,
84594100,
84594910,
84594920,
84595100,
84595910,
84595920,
84596100,
84596910,
84596920,
84597010,
84597020,
84601200,
84601900,
84602200,
84602300,
84602400,
84602910,
84602920,
84603110,
84603190,
84603910,
84603920,
84604000,
84609010,
84609020,
84612000,
84613000,
84614000,
84615000,
84619020,
84619090,
84621100,
84621900,
84622210,
84622290,
84622300,
84622400,
84622500,
84622600,
84622900,
84623210,
84623290,
84623300,
84623900,
84624200,
84624900,
84625100,
84625900,
84626111,
84626119,
84626191,
84626199,
84626211,
84626219,
84626291,
84626299,
84626310,
84626390,
84626910,
84626990,
84629010,
84629090,
84631010,
84631020,
84632010,
84632020,
84633010,
84633020,
84639010,
84639020,
84641010,
84641020,
84642010,
84642020,
84649010,
84649020,
84651000,
84652000,
84659110,
84659190,
84659210,
84659290,
84659310,
84659320,
84659400,
84659510,
84659590,
84659600,
84659910,
84659950,
84659960,
84659990,
84661010,
84661090,
84662010,
84662090,
84663000,
84669100,
84669200,
84669330,
84669340,
84669390,
84669400,
84671100,
84671900,
84672100,
84672200,
84672900,
84678100,
84678900,
84679110,
84679190,
84679200,
84679910,
84679990,
84681000,
84682010,
84682090,
84688000,
84689020,
84689090,
84701000,
84702100,
84702900,
84703000,
84705000,
84709010,
84709090,
84713020,
84713090,
84714110,
84714190,
84714910,
84714990,
84715010,
84715090,
84716030,
84716040,
84716090,
84717020,
84717030,
84717040,
84717090,
84718010,
84718070,
84718090,
84719010,
84719030,
84719040,
84719090,
84721000,
84723000,
84729010,
84729041,
84729049,
84729050,
84729060,
84729090,
84732100,
84732900,
84733010,
84733090,
84734000,
84735010,
84735090,
84741010,
84741020,
84742011,
84742019,
84742021,
84742029,
84743110,
84743120,
84743211,
84743219,
84743221,
84743229,
84743910,
84743920,
84748010,
84748020,
84749000,
84751000,
84752100,
84752900,
84759030,
84759090,
84762100,
84762900,
84768100,
84768910,
84768990,
84769010,
84769090,
84771010,
84771031,
84771039,
84772010,
84772020,
84773000,
84774010,
84774020,
84775100,
84775910,
84775920,
84778010,
84778020,
84778031,
84778039,
84778040,
84779010,
84779020,
84779032,
84779039,
84779040,
84781010,
84781020,
84789000,
84791010,
84791020,
84792010,
84792020,
84793000,
84794010,
84794020,
84795000,
84796000,
84797100,
84797900,
84798110,
84798120,
84798210,
84798220,
84798300,
84798910,
84798950,
84798961,
84798969,
84798970,
84799010,
84799050,
84799090,
84801000,
84802000,
84803010,
84803090,
84804100,
84804900,
84805000,
84806000,
84807110,
84807190,
84807910,
84807990,
84811011,
84811019,
84811021,
84811022,
84811091,
84811099,
84812011,
84812019,
84812020,
84812090,
84813010,
84813020,
84813040,
84813090,
84814010,
84814030,
84814090,
84818011,
84818012,
84818013,
84818014,
84818021,
84818022,
84818030,
84818041,
84818049,
84818051,
84818059,
84818061,
84818062,
84818063,
84818064,
84818065,
84818066,
84818067,
84818071,
84818072,
84818073,
84818074,
84818077,
84818078,
84818079,
84818081,
84818082,
84818083,
84818084,
84818093,
84818094,
84818095,
84818096,
84818097,
84818098,
84818099,
84819010,
84819021,
84819022,
84819023,
84819029,
84819031,
84819039,
84819041,
84819049,
84819090,
84821000,
84822000,
84823000,
84824000,
84825000,
84828000,
84829100,
84829900,
84831010,
84831024,
84831025,
84831026,
84831027,
84831031,
84831039,
84831090,
84832020,
84832030,
84832090,
84833030,
84833090,
84834020,
84834030,
84834040,
84834090,
84835000,
84836000,
84839011,
84839013,
84839014,
84839015,
84839019,
84839091,
84839093,
84839094,
84839095,
84839099,
84841000,
84842000,
84849000,
84851000,
84852000,
84853010,
84853090,
84858000,
84859010,
84859090,
84861010,
84861020,
84861030,
84861040,
84861050,
84861060,
84861090,
84862011,
84862012,
84862013,
84862019,
84862021,
84862029,
84862031,
84862032,
84862033,
84862039,
84862041,
84862042,
84862049,
84862051,
84862059,
84862091,
84862092,
84862093,
84862094,
84862095,
84862099,
84863010,
84863020,
84863030,
84863090,
84864010,
84864020,
84864030,
84864040,
84864050,
84864060,
84864070,
84864090,
84869011,
84869012,
84869013,
84869014,
84869015,
84869016,
84869017,
84869019,
84869021,
84869022,
84869023,
84869024,
84869025,
84869026,
84869027,
84869028,
84869029,
84869031,
84869032,
84869033,
84869034,
84869035,
84869036,
84869039,
84869041,
84869042,
84869043,
84869044,
84869045,
84869046,
84869049,
84871000,
84879000,
85011021,
85011022,
85011029,
85011030,
85011041,
85011049,
85011051,
85011059,
85011060,
85011091,
85011099,
85012012,
85012019,
85012021,
85012029,
85013130,
85013160,
85013170,
85013180,
85013221,
85013224,
85013225,
85013226,
85013231,
85013232,
85013233,
85013310,
85013390,
85013400,
85014011,
85014019,
85014021,
85014029,
85015111,
85015119,
85015211,
85015212,
85015219,
85015221,
85015222,
85015229,
85015231,
85015232,
85015239,
85015310,
85015390,
85016110,
85016120,
85016210,
85016220,
85016300,
85016400,
85017100,
85017210,
85017220,
85017230,
85017240,
85018010,
85018020,
85018030,
85018040,
85021100,
85021210,
85021220,
85021320,
85021390,
85022010,
85022020,
85022030,
85022042,
85022049,
85023110,
85023120,
85023910,
85023920,
85023932,
85023939,
85024000,
85030020,
85030090,
85041000,
85042111,
85042119,
85042192,
85042193,
85042199,
85042211,
85042219,
85042292,
85042293,
85042299,
85042310,
85042321,
85042322,
85042329,
85043111,
85043112,
85043113,
85043119,
85043121,
85043122,
85043123,
85043124,
85043129,
85043130,
85043140,
85043191,
85043192,
85043193,
85043199,
85043211,
85043219,
85043220,
85043230,
85043241,
85043249,
85043251,
85043259,
85043311,
85043319,
85043391,
85043399,
85043411,
85043412,
85043413,
85043414,
85043415,
85043419,
85043422,
85043423,
85043424,
85043425,
85043426,
85043429,
85044011,
85044019,
85044020,
85044030,
85044040,
85044090,
85045010,
85045020,
85045093,
85045094,
85045095,
85049010,
85049020,
85049031,
85049039,
85049041,
85049049,
85049090,
85051100,
85051900,
85052000,
85059010,
85059020,
85059090,
85061011,
85061012,
85061019,
85061091,
85061099,
85063000,
85064000,
85065000,
85066010,
85066090,
85068030,
85068090,
85069000,
85071010,
85071092,
85071095,
85071096,
85071097,
85071098,
85071099,
85072010,
85072094,
85072095,
85072096,
85072097,
85072098,
85072099,
85073010,
85073090,
85075010,
85075020,
85075090,
85076031,
85076032,
85076033,
85076039,
85076090,
85078011,
85078019,
85078020,
85078091,
85078099,
85079011,
85079012,
85079019,
85079091,
85079092,
85079093,
85079099,
85081100,
85081910,
85081990,
85086000,
85087010,
85087090,
85094000,
85098010,
85098020,
85098090,
85099010,
85099090,
85101000,
85102000,
85103000,
85109000,
85111010,
85111020,
85111090,
85112010,
85112021,
85112029,
85112091,
85112099,
85113030,
85113041,
85113049,
85113091,
85113099,
85114010,
85114021,
85114029,
85114031,
85114032,
85114033,
85114091,
85114099,
85115010,
85115021,
85115029,
85115031,
85115032,
85115033,
85115091,
85115099,
85118010,
85118020,
85118090,
85119010,
85119020,
85119090,
85121000,
85122020,
85122091,
85122099,
85123010,
85123020,
85123091,
85123099,
85124000,
85129010,
85129020,
85131030,
85131090,
85139010,
85139030,
85139090,
85141100,
85141900,
85142020,
85142090,
85143110,
85143190,
85143210,
85143290,
85143910,
85143990,
85144000,
85149020,
85149090,
85151100,
85151911,
85151919,
85151990,
85152100,
85152900,
85153100,
85153910,
85153990,
85158010,
85158090,
85159010,
85159021,
85159029,
85159090,
85161011,
85161019,
85161030,
85162100,
85162900,
85163100,
85163200,
85163300,
85164010,
85164090,
85165000,
85166010,
85166090,
85167100,
85167200,
85167910,
85167990,
85168010,
85168030,
85168090,
85169021,
85169029,
85169030,
85169040,
85169090,
85171100,
85171300,
85171400,
85171800,
85176100,
85176210,
85176230,
85176241,
85176242,
85176243,
85176249,
85176251,
85176252,
85176253,
85176259,
85176261,
85176269,
85176291,
85176292,
85176299,
85176900,
85177100,
85177910,
85177921,
85177929,
85177931,
85177932,
85177939,
85177991,
85177992,
85177999,
85181011,
85181019,
85181090,
85182110,
85182190,
85182210,
85182290,
85182920,
85182990,
85183010,
85183020,
85183040,
85183051,
85183059,
85183090,
85184020,
85184030,
85184040,
85184090,
85185010,
85185020,
85185090,
85189010,
85189020,
85189030,
85189040,
85189090,
85192010,
85192090,
85193000,
85198110,
85198120,
85198130,
85198141,
85198149,
85198150,
85198161,
85198162,
85198169,
85198171,
85198179,
85198191,
85198199,
