Trade Type,HS Code,HS Description,Month,Year,Origin Country,Destination Country,Port,Net Weight (kg),Value (USD)
Import,70071910,Toughened (tempered) safety glass suitable for machine of heading 8429 or 8430,08,2026,CHINA,Indonesia,HALIM PERDANA KUSUMA (U),43.93,1442.87
Import,70071910,Toughened (tempered) safety glass suitable for machine of heading 8429 or 8430,08,2026,CHINA,Indonesia,SOEKARNO-HATTA (U),22.06,523.73
Import,70071910,Toughened (tempered) safety glass suitable for machine of heading 8429 or 8430,08,2026,CHINA,Indonesia,TANJUNG PRIOK,547.2798,10663.61
Import,70071910,Toughened (tempered) safety glass suitable for machine of heading 8429 or 8430,08,2026,ITALY,Indonesia,SEPINGGAN (U),8.3,117.002
Import,70071910,Toughened (tempered) safety glass suitable for machine of heading 8429 or 8430,08,2026,JAPAN,Indonesia,SEPINGGAN (U),85.6,2869.03
Import,70071910,Toughened (tempered) safety glass suitable for machine of heading 8429 or 8430,08,2026,JAPAN,Indonesia,SOEKARNO-HATTA (U),26.8368,943.81
Import,70071910,Toughened (tempered) safety glass suitable for machine of heading 8429 or 8430,08,2026,JAPAN,Indonesia,TANJUNG PRIOK,235.01,3310.73
Import,70071910,Toughened (tempered) safety glass suitable for machine of heading 8429 or 8430,08,2026,THAILAND,Indonesia,SOEKARNO-HATTA (U),19.9,323.31
Import,70071910,Toughened (tempered) safety glass suitable for machine of heading 8429 or 8430,08,2026,TURKEY,Indonesia,SOEKARNO-HATTA (U),3,71
Import,70071910,Toughened (tempered) safety glass suitable for machine of heading 8429 or 8430,08,2026,UNITED STATES,Indonesia,HALIM PERDANA KUSUMA (U),11.107,330.44
Import,70071910,Toughened (tempered) safety glass suitable for machine of heading 8429 or 8430,08,2026,UNITED STATES,Indonesia,TANJUNG PRIOK,11.107,330.44
Import,70072190,Toughened (tempered) safety glass suitable other than of chapter 87 and 88,08,2026,CANADA,Indonesia,SOEKARNO-HATTA (U),98.8474,11290.8
Import,70072190,Toughened (tempered) safety glass suitable other than of chapter 87 and 88,08,2026,CHINA,Indonesia,SOEKARNO-HATTA (U),162,3716
Import,70072190,Toughened (tempered) safety glass suitable other than of chapter 87 and 88,08,2026,CHINA,Indonesia,TANJUNG EMAS,227.4315,156
Import,70072190,Toughened (tempered) safety glass suitable other than of chapter 87 and 88,08,2026,SINGAPORE,Indonesia,SEKUPANG,165,1090.6225
Import,70072190,Toughened (tempered) safety glass suitable other than of chapter 87 and 88,08,2026,UNITED ARAB EMIRATES,Indonesia,SOEKARNO-HATTA (U),90.7179,870
Import,70072110,Laminated safety glass suitable for vehicles of chapter 87,08,2026,CHINA,Indonesia,SOEKARNO-HATTA (U),182,4184
Import,70072110,Laminated safety glass suitable for vehicles of chapter 87,08,2026,CHINA,Indonesia,TANJUNG PRIOK,34357.4566,94520.8117
Import,70072110,Laminated safety glass suitable for vehicles of chapter 87,08,2026,FRANCE,Indonesia,SEKUPANG,76.5,25012
Import,70072110,Laminated safety glass suitable for vehicles of chapter 87,08,2026,INDIA,Indonesia,TANJUNG PRIOK,758.9329,3237.08
Import,70072110,Laminated safety glass suitable for vehicles of chapter 87,08,2026,JAPAN,Indonesia,SOEKARNO-HATTA (U),5,229
Import,70072110,Laminated safety glass suitable for vehicles of chapter 87,08,2026,"KOREA, REPUBLIC OF",Indonesia,SOEKARNO-HATTA (U),527,7325.2
Import,70072110,Laminated safety glass suitable for vehicles of chapter 87,08,2026,"KOREA, REPUBLIC OF",Indonesia,TANJUNG PRIOK,404.583,5113.79
Import,70072110,Laminated safety glass suitable for vehicles of chapter 87,08,2026,THAILAND,Indonesia,TANJUNG PRIOK,2580.731,21741.4449
Import,70072110,Laminated safety glass suitable for vehicles of chapter 87,08,2026,UNITED STATES,Indonesia,"AMAMAPARE, IJ",37.9331,3025.6719
Import,70071990,Toughened (tempered) safety glass suitable for other machinery,08,2026,CANADA,Indonesia,SOEKARNO-HATTA (U),2301,283
Import,70071990,Toughened (tempered) safety glass suitable for other machinery,08,2026,CHINA,Indonesia,BATU AMPAR,26965490.73,11941830.9365
Import,70071990,Toughened (tempered) safety glass suitable for other machinery,08,2026,CHINA,Indonesia,JUANDA (U)-SURABAYA,6,258
Import,70071990,Toughened (tempered) safety glass suitable for other machinery,08,2026,CHINA,Indonesia,KIJANG,2629,2846.3938
Import,70071990,Toughened (tempered) safety glass suitable for other machinery,08,2026,CHINA,Indonesia,LOBAM,10939,21958.8565
Import,70071990,Toughened (tempered) safety glass suitable for other machinery,08,2026,CHINA,Indonesia,NGURAH RAI (U),2,77
Import,70071990,Toughened (tempered) safety glass suitable for other machinery,08,2026,CHINA,Indonesia,SOEKARNO-HATTA (U),423.77,14540.32
Import,70071990,Toughened (tempered) safety glass suitable for other machinery,08,2026,CHINA,Indonesia,TANJUNG EMAS,686521.9085,450259.3859
Import,70071990,Toughened (tempered) safety glass suitable for other machinery,08,2026,CHINA,Indonesia,TANJUNG PERAK,15282.9634,23907.231
Import,70071990,Toughened (tempered) safety glass suitable for other machinery,08,2026,CHINA,Indonesia,TANJUNG PRIOK,1767604.3512,1409653.7705
Import,70071990,Toughened (tempered) safety glass suitable for other machinery,08,2026,"GERMANY, FED. REP. OF",Indonesia,BUATAN,6.66,408.8436
Import,70071990,Toughened (tempered) safety glass suitable for other machinery,08,2026,"GERMANY, FED. REP. OF",Indonesia,JUANDA (U)-SURABAYA,5.3,2128.0469
Import,70071990,Toughened (tempered) safety glass suitable for other machinery,08,2026,"GERMANY, FED. REP. OF",Indonesia,SOEKARNO-HATTA (U),1,27
Import,70071990,Toughened (tempered) safety glass suitable for other machinery,08,2026,HONG KONG,Indonesia,BATU AMPAR,372,434.11
Import,70071990,Toughened (tempered) safety glass suitable for other machinery,08,2026,HONG KONG,Indonesia,SOEKARNO-HATTA (U),3,69
Import,70071990,Toughened (tempered) safety glass suitable for other machinery,08,2026,INDIA,Indonesia,SOEKARNO-HATTA (U),16,97
Import,70071990,Toughened (tempered) safety glass suitable for other machinery,08,2026,JAPAN,Indonesia,KUALA NAMU INTERNATIONAL AIRPORT (U),2,21
Import,70071990,Toughened (tempered) safety glass suitable for other machinery,08,2026,JAPAN,Indonesia,SOEKARNO-HATTA (U),4,211
Import,70071990,Toughened (tempered) safety glass suitable for other machinery,08,2026,JAPAN,Indonesia,TANJUNG PRIOK,41.54,589.02
Import,70071990,Toughened (tempered) safety glass suitable for other machinery,08,2026,"KOREA, REPUBLIC OF",Indonesia,TANJUNG PRIOK,16896,47340.8
Import,70071990,Toughened (tempered) safety glass suitable for other machinery,08,2026,LITHUANIA,Indonesia,LOBAM,4,3830.3076
Import,70071990,Toughened (tempered) safety glass suitable for other machinery,08,2026,MALAYSIA,Indonesia,SOEKARNO-HATTA (U),50,7
Import,70071990,Toughened (tempered) safety glass suitable for other machinery,08,2026,MALAYSIA,Indonesia,TANJUNG PRIOK,50236.9893,40980
Import,70071990,Toughened (tempered) safety glass suitable for other machinery,08,2026,SINGAPORE,Indonesia,LOBAM,2048,4232.5666
Import,70071990,Toughened (tempered) safety glass suitable for other machinery,08,2026,SINGAPORE,Indonesia,SOEKARNO-HATTA (U),13,256
Import,70071990,Toughened (tempered) safety glass suitable for other machinery,08,2026,SINGAPORE,Indonesia,TANJUNG PRIOK,3870,97056.6323
Import,70071990,Toughened (tempered) safety glass suitable for other machinery,08,2026,TAIWAN,Indonesia,SOEKARNO-HATTA (U),3,81
Import,70071990,Toughened (tempered) safety glass suitable for other machinery,08,2026,TURKEY,Indonesia,SOEKARNO-HATTA (U),73.1454,140
Import,70071990,Toughened (tempered) safety glass suitable for other machinery,08,2026,TURKEY,Indonesia,TANJUNG PRIOK,108749.069,273713.5919
Import,70071990,Toughened (tempered) safety glass suitable for other machinery,08,2026,UNITED STATES,Indonesia,SOEKARNO-HATTA (U),24,867
Import,70071990,Toughened (tempered) safety glass suitable for other machinery,08,2026,VIET NAM,Indonesia,SOEKARNO-HATTA (U),1,1
Import,70072910,Laminated safety glass suitable for machine of heading 8429 or 8430,08,2026,AUSTRALIA,Indonesia,TANJUNG PRIOK,8.2,468.24
Import,70072910,Laminated safety glass suitable for machine of heading 8429 or 8430,08,2026,CHINA,Indonesia,HALIM PERDANA KUSUMA (U),36.417,995
Import,70072910,Laminated safety glass suitable for machine of heading 8429 or 8430,08,2026,CHINA,Indonesia,SEPINGGAN (U),5.7,318.864
Import,70072910,Laminated safety glass suitable for machine of heading 8429 or 8430,08,2026,CHINA,Indonesia,SOEKARNO-HATTA (U),8.6664,431.032
Import,70072910,Laminated safety glass suitable for machine of heading 8429 or 8430,08,2026,CHINA,Indonesia,TANJUNG PRIOK,859.0239,24963.81
Import,70072910,Laminated safety glass suitable for machine of heading 8429 or 8430,08,2026,FINLAND,Indonesia,SEPINGGAN (U),26,969.64
Import,70072910,Laminated safety glass suitable for machine of heading 8429 or 8430,08,2026,FINLAND,Indonesia,SOEKARNO-HATTA (U),109.2553,5433.904
Import,70072910,Laminated safety glass suitable for machine of heading 8429 or 8430,08,2026,FINLAND,Indonesia,TANJUNG PRIOK,14.962,1102.3733
Import,70072910,Laminated safety glass suitable for machine of heading 8429 or 8430,08,2026,FRANCE,Indonesia,SOEKARNO-HATTA (U),4.282,212.968
Import,70072910,Laminated safety glass suitable for machine of heading 8429 or 8430,08,2026,FRANCE,Indonesia,TANJUNG PRIOK,5.0794,308.35
Import,70072910,Laminated safety glass suitable for machine of heading 8429 or 8430,08,2026,"GERMANY, FED. REP. OF",Indonesia,SOEKARNO-HATTA (U),5.3742,267.288
Import,70072910,Laminated safety glass suitable for machine of heading 8429 or 8430,08,2026,JAPAN,Indonesia,TANJUNG PRIOK,25.2,651.28
Import,70072910,Laminated safety glass suitable for machine of heading 8429 or 8430,08,2026,"KOREA, REPUBLIC OF",Indonesia,TANJUNG PRIOK,32.6481,971.13
Import,70072910,Laminated safety glass suitable for machine of heading 8429 or 8430,08,2026,MOROCCO,Indonesia,HALIM PERDANA KUSUMA (U),11.34,319.39
Import,70072910,Laminated safety glass suitable for machine of heading 8429 or 8430,08,2026,MOROCCO,Indonesia,TANJUNG PRIOK,11.2944,459.02
Import,70072910,Laminated safety glass suitable for machine of heading 8429 or 8430,08,2026,THAILAND,Indonesia,TANJUNG PRIOK,30.7,331.88
Import,70072910,Laminated safety glass suitable for machine of heading 8429 or 8430,08,2026,UNITED KINGDOM,Indonesia,TANJUNG PRIOK,37.6386,1499.35
Import,70072910,Laminated safety glass suitable for machine of heading 8429 or 8430,08,2026,UNITED STATES,Indonesia,HALIM PERDANA KUSUMA (U),24.258,679.51
Import,70072990,Laminated safety glass suitable for other machinery,08,2026,CHINA,Indonesia,BATU AMPAR,292.2,363.66
Import,70072990,Laminated safety glass suitable for other machinery,08,2026,CHINA,Indonesia,LOBAM,222,442.3781
Import,70072990,Laminated safety glass suitable for other machinery,08,2026,CHINA,Indonesia,SEKUPANG,1.36,40
Import,70072990,Laminated safety glass suitable for other machinery,08,2026,CHINA,Indonesia,SOEKARNO-HATTA (U),2,26
Import,70072990,Laminated safety glass suitable for other machinery,08,2026,CHINA,Indonesia,TANJUNG EMAS,8100.9404,10618.5818
Import,70072990,Laminated safety glass suitable for other machinery,08,2026,CHINA,Indonesia,TANJUNG PERAK,16818.4888,28268.79
Import,70072990,Laminated safety glass suitable for other machinery,08,2026,CHINA,Indonesia,TANJUNG PRIOK,10183,10063.26
Import,70072990,Laminated safety glass suitable for other machinery,08,2026,MALAYSIA,Indonesia,BATU AMPAR,26341.26,6230.43
Import,70080000,Multiple-walled insulating units of glass,08,2026,AUSTRALIA,Indonesia,TANJUNG PERAK,2.43,449.31
Import,70080000,Multiple-walled insulating units of glass,08,2026,CHINA,Indonesia,BATU AMPAR,15275,25609
Import,70080000,Multiple-walled insulating units of glass,08,2026,CHINA,Indonesia,BELAWAN,9586.7995,20108
Import,70080000,Multiple-walled insulating units of glass,08,2026,CHINA,Indonesia,MOROWALI,84694.3,92361.7007
Import,70080000,Multiple-walled insulating units of glass,08,2026,CHINA,Indonesia,POMALAA,9396.87,7249
Import,70080000,Multiple-walled insulating units of glass,08,2026,CHINA,Indonesia,SOEKARNO-HATTA (U),1,11
Import,70080000,Multiple-walled insulating units of glass,08,2026,CHINA,Indonesia,TANJUNG EMAS,102666.9155,311691.4882
Import,70080000,Multiple-walled insulating units of glass,08,2026,CHINA,Indonesia,TANJUNG PERAK,10352.6283,16972.86
Import,70080000,Multiple-walled insulating units of glass,08,2026,CHINA,Indonesia,TANJUNG PRIOK,157882.3183,289721.7322
Import,70080000,Multiple-walled insulating units of glass,08,2026,CHINA,Indonesia,WEDA,1828.62,1587
Import,70080000,Multiple-walled insulating units of glass,08,2026,INDIA,Indonesia,SOEKARNO-HATTA (U),77,264
Import,70080000,Multiple-walled insulating units of glass,08,2026,ITALY,Indonesia,ACHMAD YANI (U),1.1634,204.3481
Import,70080000,Multiple-walled insulating units of glass,08,2026,SINGAPORE,Indonesia,TANJUNG PERAK,42,21
Import,70080000,Multiple-walled insulating units of glass,08,2026,TAIWAN,Indonesia,TANJUNG PERAK,126,64
Import,70080000,Multiple-walled insulating units of glass,08,2026,UNITED KINGDOM,Indonesia,TANJUNG PERAK,7,4
Import,70099100,Unframed glass mirrors,08,2026,CHINA,Indonesia,JABABEKA,18452.5,42089.6432
Import,70099100,Unframed glass mirrors,08,2026,CHINA,Indonesia,JAMBI,22390,14271
Import,70099100,Unframed glass mirrors,08,2026,CHINA,Indonesia,NGURAH RAI (U),4,34
Import,70099100,Unframed glass mirrors,08,2026,CHINA,Indonesia,SOEKARNO-HATTA (U),40,399
Import,70099100,Unframed glass mirrors,08,2026,CHINA,Indonesia,TANJUNG EMAS,342257,191624.9445
Import,70099100,Unframed glass mirrors,08,2026,CHINA,Indonesia,TANJUNG PERAK,706.086,10104
Import,70099100,Unframed glass mirrors,08,2026,CHINA,Indonesia,TANJUNG PRIOK,338885.7637,181496.927
Import,70099100,Unframed glass mirrors,08,2026,FRANCE,Indonesia,SOEKARNO-HATTA (U),1,53
Import,70099100,Unframed glass mirrors,08,2026,MALAYSIA,Indonesia,TANJUNG PRIOK,23497.2,16166.07
Import,70099100,Unframed glass mirrors,08,2026,SINGAPORE,Indonesia,SEKUPANG,10,579.3978
Import,70099100,Unframed glass mirrors,08,2026,TAIWAN,Indonesia,SOEKARNO-HATTA (U),1,24
Import,70099100,Unframed glass mirrors,08,2026,TAIWAN,Indonesia,TANJUNG PRIOK,100,596.9
Import,70099200,Framed glass mirrors,08,2026,CHINA,Indonesia,ACHMAD YANI (U),1,1
Import,70099200,Framed glass mirrors,08,2026,CHINA,Indonesia,BATU AMPAR,324,1628.306
Import,70099200,Framed glass mirrors,08,2026,CHINA,Indonesia,JABABEKA,5721,29298.5294
Import,70099200,Framed glass mirrors,08,2026,CHINA,Indonesia,KUALA NAMU INTERNATIONAL AIRPORT (U),1,10
Import,70099200,Framed glass mirrors,08,2026,CHINA,Indonesia,SOEKARNO-HATTA (U),7,44
Import,70099200,Framed glass mirrors,08,2026,CHINA,Indonesia,TANJUNG EMAS,1239.8245,6346.7025
Import,70099200,Framed glass mirrors,08,2026,CHINA,Indonesia,TANJUNG PERAK,3880.7,6814.9959
Import,70099200,Framed glass mirrors,08,2026,CHINA,Indonesia,TANJUNG PRIOK,16752.1633,15482.5851
Import,70099200,Framed glass mirrors,08,2026,"GERMANY, FED. REP. OF",Indonesia,SEPINGGAN (U),34.2432,1363.39
Import,70099200,Framed glass mirrors,08,2026,HONG KONG,Indonesia,SOEKARNO-HATTA (U),1,118
Import,70099200,Framed glass mirrors,08,2026,JAPAN,Indonesia,BALIKPAPAN,0.837,58.56
Import,70099200,Framed glass mirrors,08,2026,JAPAN,Indonesia,SEKUPANG,68.46,4075.383
Import,70099200,Framed glass mirrors,08,2026,JAPAN,Indonesia,SOEKARNO-HATTA (U),3,36
Import,70099200,Framed glass mirrors,08,2026,JAPAN,Indonesia,TANJUNG PRIOK,3.3992,360.48
Import,70099200,Framed glass mirrors,08,2026,"KOREA, REPUBLIC OF",Indonesia,SOEKARNO-HATTA (U),4,101
Import,70099200,Framed glass mirrors,08,2026,MADAGASCAR,Indonesia,SOEKARNO-HATTA (U),1,48
Import,70099200,Framed glass mirrors,08,2026,SWEDEN,Indonesia,TANJUNG PRIOK,1.9,186.8
Import,70099200,Framed glass mirrors,08,2026,TAIWAN,Indonesia,SOEKARNO-HATTA (U),2,48
Import,70099200,Framed glass mirrors,08,2026,THAILAND,Indonesia,TANJUNG PRIOK,1.472,145.15
Import,70099200,Framed glass mirrors,08,2026,UNITED STATES,Indonesia,BATU AMPAR,19.051,211.26
Import,70099200,Framed glass mirrors,08,2026,UNITED STATES,Indonesia,SOEKARNO-HATTA (U),2,38
Import,70091000,Rear-view mirrors for vehicles,08,2026,AUSTRALIA,Indonesia,"AMAMAPARE, IJ",198.0474,3297.6032
Import,70091000,Rear-view mirrors for vehicles,08,2026,AUSTRALIA,Indonesia,TANJUNG PERAK,4.82,1392.46
Import,70091000,Rear-view mirrors for vehicles,08,2026,AUSTRALIA,Indonesia,TANJUNG PRIOK,3.106,887.88
Import,70091000,Rear-view mirrors for vehicles,08,2026,CANADA,Indonesia,"AMAMAPARE, IJ",3.8636,176.16
Import,70091000,Rear-view mirrors for vehicles,08,2026,CHINA,Indonesia,"AMAMAPARE, IJ",1.6836,372.54
Import,70091000,Rear-view mirrors for vehicles,08,2026,CHINA,Indonesia,BANJARMASIN,4.44,62.0065
Import,70091000,Rear-view mirrors for vehicles,08,2026,CHINA,Indonesia,BATU AMPAR,10,10
Import,70091000,Rear-view mirrors for vehicles,08,2026,CHINA,Indonesia,BELAWAN,34.7318,109.2111
Import,70091000,Rear-view mirrors for vehicles,08,2026,CHINA,Indonesia,HALIM PERDANA KUSUMA (U),4.2453,175.08
Import,70091000,Rear-view mirrors for vehicles,08,2026,CHINA,Indonesia,JABABEKA,1962,2418
Import,70091000,Rear-view mirrors for vehicles,08,2026,CHINA,Indonesia,KUALA NAMU INTERNATIONAL AIRPORT (U),0.8269,63.1596
Import,70091000,Rear-view mirrors for vehicles,08,2026,CHINA,Indonesia,MAKASSAR,35.36,353.4283
Import,70091000,Rear-view mirrors for vehicles,08,2026,CHINA,Indonesia,MOROWALI,1770.5099,8558.6603
Import,70091000,Rear-view mirrors for vehicles,08,2026,CHINA,Indonesia,NGURAH RAI (U),2,11.9149
Import,70091000,Rear-view mirrors for vehicles,08,2026,CHINA,Indonesia,SEPINGGAN (U),4.251,292.59
Import,70091000,Rear-view mirrors for vehicles,08,2026,CHINA,Indonesia,SOEKARNO-HATTA (U),620.4316,28442.7381
Import,70091000,Rear-view mirrors for vehicles,08,2026,CHINA,Indonesia,TANJUNG EMAS,144812.7823,223195.8244
Import,70091000,Rear-view mirrors for vehicles,08,2026,CHINA,Indonesia,TANJUNG PERAK,24966.3169,112795.2665
Import,70091000,Rear-view mirrors for vehicles,08,2026,CHINA,Indonesia,TANJUNG PRIOK,212985.9458,1231755.4104
Import,70091000,Rear-view mirrors for vehicles,08,2026,CHINA,Indonesia,WEDA,595.92,4328.7057
Import,70091000,Rear-view mirrors for vehicles,08,2026,CHRISTMAS ISLANDS,Indonesia,SOEKARNO-HATTA (U),2,155
Import,70091000,Rear-view mirrors for vehicles,08,2026,FINLAND,Indonesia,SOEKARNO-HATTA (U),6.8928,1353.892
Import,70091000,Rear-view mirrors for vehicles,08,2026,FRANCE,Indonesia,SOEKARNO-HATTA (U),2.8264,171.9003
Import,70091000,Rear-view mirrors for vehicles,08,2026,"GERMANY, FED. REP. OF",Indonesia,BALIKPAPAN,16.243,882.8093
Import,70091000,Rear-view mirrors for vehicles,08,2026,"GERMANY, FED. REP. OF",Indonesia,KARIANGAU,36.0482,1958.61
Import,70091000,Rear-view mirrors for vehicles,08,2026,"GERMANY, FED. REP. OF",Indonesia,SEPINGGAN (U),53.8646,613.96
Import,70091000,Rear-view mirrors for vehicles,08,2026,"GERMANY, FED. REP. OF",Indonesia,SOEKARNO-HATTA (U),54.3516,1021.96
Import,70091000,Rear-view mirrors for vehicles,08,2026,"GERMANY, FED. REP. OF",Indonesia,TANJUNG PERAK,9.6,600.84
Import,70091000,Rear-view mirrors for vehicles,08,2026,"GERMANY, FED. REP. OF",Indonesia,TANJUNG PRIOK,47.866,2751.6905
Import,70091000,Rear-view mirrors for vehicles,08,2026,HONG KONG,Indonesia,SOEKARNO-HATTA (U),38,629
Import,70091000,Rear-view mirrors for vehicles,08,2026,INDIA,Indonesia,JABABEKA,76.8,369.087
Import,70091000,Rear-view mirrors for vehicles,08,2026,INDIA,Indonesia,SOEKARNO-HATTA (U),370.9905,3689.6242
Import,70091000,Rear-view mirrors for vehicles,08,2026,INDIA,Indonesia,TANJUNG PRIOK,10687.702,101547.9431
Import,70091000,Rear-view mirrors for vehicles,08,2026,ITALY,Indonesia,SEPINGGAN (U),0.2886,65.5211
Import,70091000,Rear-view mirrors for vehicles,08,2026,ITALY,Indonesia,SOEKARNO-HATTA (U),57,39.1783
Import,70091000,Rear-view mirrors for vehicles,08,2026,ITALY,Indonesia,TANJUNG PRIOK,30.165,1917.3506
Import,70091000,Rear-view mirrors for vehicles,08,2026,JAPAN,Indonesia,BALIKPAPAN,9.9,763.96
Import,70091000,Rear-view mirrors for vehicles,08,2026,JAPAN,Indonesia,JABABEKA,8.3,104.6436
Import,70091000,Rear-view mirrors for vehicles,08,2026,JAPAN,Indonesia,SEPINGGAN (U),96,9091.29
Import,70091000,Rear-view mirrors for vehicles,08,2026,JAPAN,Indonesia,SOEKARNO-HATTA (U),53.2796,7393.9784
Import,70091000,Rear-view mirrors for vehicles,08,2026,JAPAN,Indonesia,TANJUNG PERAK,0.9,72.55
Import,70091000,Rear-view mirrors for vehicles,08,2026,JAPAN,Indonesia,TANJUNG PRIOK,4018.6996,152429.6379
Import,70091000,Rear-view mirrors for vehicles,08,2026,"KOREA, REPUBLIC OF",Indonesia,SOEKARNO-HATTA (U),14.805,362.3933
Import,70091000,Rear-view mirrors for vehicles,08,2026,"KOREA, REPUBLIC OF",Indonesia,TANJUNG PRIOK,1712.9039,17672.87
Import,70091000,Rear-view mirrors for vehicles,08,2026,MALAYSIA,Indonesia,MUSI RIVER/BOOM BARU,209,560.78
Import,70091000,Rear-view mirrors for vehicles,08,2026,MALAYSIA,Indonesia,TANJUNG PRIOK,80.416,2479.6776
Import,70091000,Rear-view mirrors for vehicles,08,2026,MEXICO,Indonesia,"AMAMAPARE, IJ",0.7,34.98
Import,70091000,Rear-view mirrors for vehicles,08,2026,NETHERLANDS,Indonesia,SOEKARNO-HATTA (U),1,85
Import,70091000,Rear-view mirrors for vehicles,08,2026,SINGAPORE,Indonesia,JABABEKA,8322,8936
Import,70091000,Rear-view mirrors for vehicles,08,2026,SINGAPORE,Indonesia,SOEKARNO-HATTA (U),1.5361,51.03
Import,70091000,Rear-view mirrors for vehicles,08,2026,SWEDEN,Indonesia,TANJUNG PRIOK,3.3025,26.2733
Import,70091000,Rear-view mirrors for vehicles,08,2026,TAIWAN,Indonesia,BELAWAN,265.384,3375.36
Import,70091000,Rear-view mirrors for vehicles,08,2026,TAIWAN,Indonesia,JABABEKA,1138.78,2683.7
Import,70091000,Rear-view mirrors for vehicles,08,2026,TAIWAN,Indonesia,TANJUNG PRIOK,17.1126,84.46
Import,70091000,Rear-view mirrors for vehicles,08,2026,THAILAND,Indonesia,SOEKARNO-HATTA (U),1047.5514,23437.1976
Import,70091000,Rear-view mirrors for vehicles,08,2026,THAILAND,Indonesia,TANJUNG PRIOK,29017.0614,440190.7719
Import,70091000,Rear-view mirrors for vehicles,08,2026,TURKEY,Indonesia,KARIANGAU,20.51,1265.87
Import,70091000,Rear-view mirrors for vehicles,08,2026,TURKEY,Indonesia,SOEKARNO-HATTA (U),0.3673,39.5953
Import,70091000,Rear-view mirrors for vehicles,08,2026,TURKEY,Indonesia,TANJUNG PRIOK,21.974,4560.06
Import,70091000,Rear-view mirrors for vehicles,08,2026,UNITED KINGDOM,Indonesia,JUANDA (U)-SURABAYA,0.9,57.7475
Import,70091000,Rear-view mirrors for vehicles,08,2026,UNITED KINGDOM,Indonesia,SOEKARNO-HATTA (U),5.7762,549.42
Import,70091000,Rear-view mirrors for vehicles,08,2026,UNITED KINGDOM,Indonesia,TANJUNG PRIOK,1.2642,82.3743
Import,70091000,Rear-view mirrors for vehicles,08,2026,UNITED STATES,Indonesia,"AMAMAPARE, IJ",27.0452,1233.12
Import,70091000,Rear-view mirrors for vehicles,08,2026,UNITED STATES,Indonesia,BATU AMPAR,64.864,1451.5
Import,70091000,Rear-view mirrors for vehicles,08,2026,UNITED STATES,Indonesia,MUSI RIVER/BOOM BARU,8.8488,196.43
Import,70091000,Rear-view mirrors for vehicles,08,2026,UNITED STATES,Indonesia,SEPINGGAN (U),20.3457,2371.9
Import,70091000,Rear-view mirrors for vehicles,08,2026,UNITED STATES,Indonesia,SOEKARNO-HATTA (U),4124.3262,89753.4538
Import,70091000,Rear-view mirrors for vehicles,08,2026,UNITED STATES,Indonesia,TANJUNG PERAK,225.96,12202.09
Import,70091000,Rear-view mirrors for vehicles,08,2026,UNITED STATES,Indonesia,TANJUNG PRIOK,1326.9345,85478.6957
Import,70091000,Rear-view mirrors for vehicles,08,2026,VIET NAM,Indonesia,SOEKARNO-HATTA (U),142.784,909.5
Import,70091000,Rear-view mirrors for vehicles,08,2026,VIET NAM,Indonesia,TANJUNG PRIOK,21347.991,96044.5
Import,70102000,"Stoppers, lids and other closures of glass",08,2026,CHINA,Indonesia,BATU AMPAR,144.2,4068.75
Import,70102000,"Stoppers, lids and other closures of glass",08,2026,CHINA,Indonesia,JABABEKA,6666,3570
Import,70102000,"Stoppers, lids and other closures of glass",08,2026,CHINA,Indonesia,NGURAH RAI (U),42,240
Import,70102000,"Stoppers, lids and other closures of glass",08,2026,CHINA,Indonesia,SOEKARNO-HATTA (U),1.4446,81.0608
Import,70102000,"Stoppers, lids and other closures of glass",08,2026,CHINA,Indonesia,TANJUNG EMAS,315.5689,507.5577
Import,70102000,"Stoppers, lids and other closures of glass",08,2026,CHINA,Indonesia,TANJUNG PERAK,10049.2,1309.1067
Import,70102000,"Stoppers, lids and other closures of glass",08,2026,CHINA,Indonesia,TANJUNG PRIOK,51524.5519,55215.5088
Import,70102000,"Stoppers, lids and other closures of glass",08,2026,FRANCE,Indonesia,SOEKARNO-HATTA (U),1,5
Import,70109010,Carboys and demijohns of glass,08,2026,CHINA,Indonesia,BELAWAN,145824,94929.281
Import,70109010,Carboys and demijohns of glass,08,2026,CHINA,Indonesia,SOEKARNO-HATTA (U),35,246
Import,70109010,Carboys and demijohns of glass,08,2026,CHINA,Indonesia,TANJUNG PERAK,30956,33929.061
Import,70109010,Carboys and demijohns of glass,08,2026,CHINA,Indonesia,TANJUNG PRIOK,82603.8676,114046.0746
Import,70109010,Carboys and demijohns of glass,08,2026,FRANCE,Indonesia,TANJUNG PRIOK,6008.014,23152.2239
Import,70109010,Carboys and demijohns of glass,08,2026,HONG KONG,Indonesia,SOEKARNO-HATTA (U),37,1246
Import,70109010,Carboys and demijohns of glass,08,2026,ITALY,Indonesia,TANJUNG PRIOK,15315.78,44385.9037
Import,70109010,Carboys and demijohns of glass,08,2026,SOUTH AFRICA,Indonesia,SOEKARNO-HATTA (U),1,63
Import,70109091,"Flasks, jars, pots, and other containers, of glass, of a kind used for the conveyance or packing of goods; preserving jars of glass; of a capacity exceeding 1 l",08,2026,AUSTRALIA,Indonesia,JKT./ POS PASAR BARU,2,48
Import,70109091,"Flasks, jars, pots, and other containers, of glass, of a kind used for the conveyance or packing of goods; preserving jars of glass; of a capacity exceeding 1 l",08,2026,AUSTRIA,Indonesia,JKT./ POS PASAR BARU,1,2
Import,70109091,"Flasks, jars, pots, and other containers, of glass, of a kind used for the conveyance or packing of goods; preserving jars of glass; of a capacity exceeding 1 l",08,2026,BELGIUM,Indonesia,JKT./ POS PASAR BARU,1,9
Import,70109091,"Flasks, jars, pots, and other containers, of glass, of a kind used for the conveyance or packing of goods; preserving jars of glass; of a capacity exceeding 1 l",08,2026,CHINA,Indonesia,ACHMAD YANI (U),13,274
Import,70109091,"Flasks, jars, pots, and other containers, of glass, of a kind used for the conveyance or packing of goods; preserving jars of glass; of a capacity exceeding 1 l",08,2026,CHINA,Indonesia,JKT./ POS PASAR BARU,5,29
Import,70109091,"Flasks, jars, pots, and other containers, of glass, of a kind used for the conveyance or packing of goods; preserving jars of glass; of a capacity exceeding 1 l",08,2026,CHINA,Indonesia,SOEKARNO-HATTA (U),91,2190
Import,70109091,"Flasks, jars, pots, and other containers, of glass, of a kind used for the conveyance or packing of goods; preserving jars of glass; of a capacity exceeding 1 l",08,2026,CHINA,Indonesia,TANJUNG PRIOK,18881.5033,32718.17
Import,70109091,"Flasks, jars, pots, and other containers, of glass, of a kind used for the conveyance or packing of goods; preserving jars of glass; of a capacity exceeding 1 l",08,2026,HONG KONG,Indonesia,JKT./ POS PASAR BARU,1,1
Import,70109091,"Flasks, jars, pots, and other containers, of glass, of a kind used for the conveyance or packing of goods; preserving jars of glass; of a capacity exceeding 1 l",08,2026,JAPAN,Indonesia,JKT./ POS PASAR BARU,8,590
Import,70109091,"Flasks, jars, pots, and other containers, of glass, of a kind used for the conveyance or packing of goods; preserving jars of glass; of a capacity exceeding 1 l",08,2026,JAPAN,Indonesia,SOEKARNO-HATTA (U),5,56
Import,70109091,"Flasks, jars, pots, and other containers, of glass, of a kind used for the conveyance or packing of goods; preserving jars of glass; of a capacity exceeding 1 l",08,2026,JORDAN,Indonesia,SOEKARNO-HATTA (U),1,6
Import,70109091,"Flasks, jars, pots, and other containers, of glass, of a kind used for the conveyance or packing of goods; preserving jars of glass; of a capacity exceeding 1 l",08,2026,MALAYSIA,Indonesia,JKT./ POS PASAR BARU,1,11
Import,70109091,"Flasks, jars, pots, and other containers, of glass, of a kind used for the conveyance or packing of goods; preserving jars of glass; of a capacity exceeding 1 l",08,2026,NETHERLANDS,Indonesia,JKT./ POS PASAR BARU,2,20
Import,70109091,"Flasks, jars, pots, and other containers, of glass, of a kind used for the conveyance or packing of goods; preserving jars of glass; of a capacity exceeding 1 l",08,2026,NEW ZEALAND,Indonesia,JKT./ POS PASAR BARU,1,6
Import,70109091,"Flasks, jars, pots, and other containers, of glass, of a kind used for the conveyance or packing of goods; preserving jars of glass; of a capacity exceeding 1 l",08,2026,SINGAPORE,Indonesia,JKT./ POS PASAR BARU,5,144
Import,70109091,"Flasks, jars, pots, and other containers, of glass, of a kind used for the conveyance or packing of goods; preserving jars of glass; of a capacity exceeding 1 l",08,2026,TAIWAN,Indonesia,JKT./ POS PASAR BARU,1,54
Import,70109091,"Flasks, jars, pots, and other containers, of glass, of a kind used for the conveyance or packing of goods; preserving jars of glass; of a capacity exceeding 1 l",08,2026,THAILAND,Indonesia,JKT./ POS PASAR BARU,1,21
Import,70109091,"Flasks, jars, pots, and other containers, of glass, of a kind used for the conveyance or packing of goods; preserving jars of glass; of a capacity exceeding 1 l",08,2026,UNITED ARAB EMIRATES,Indonesia,JKT./ POS PASAR BARU,2,2
Import,70109091,"Flasks, jars, pots, and other containers, of glass, of a kind used for the conveyance or packing of goods; preserving jars of glass; of a capacity exceeding 1 l",08,2026,UNITED KINGDOM,Indonesia,JKT./ POS PASAR BARU,1,60
Import,70109040,"Bottles and phials, of a kind used for antibiotics, serums and other injectable liquids; bottles of a kind used for intravenous fluids",08,2026,AUSTRALIA,Indonesia,SOEKARNO-HATTA (U),6,531
Import,70109040,"Bottles and phials, of a kind used for antibiotics, serums and other injectable liquids; bottles of a kind used for intravenous fluids",08,2026,CHINA,Indonesia,LOBAM,1.4,10.1484
Import,70109040,"Bottles and phials, of a kind used for antibiotics, serums and other injectable liquids; bottles of a kind used for intravenous fluids",08,2026,CHINA,Indonesia,SOEKARNO-HATTA (U),87.5,927
Import,70109040,"Bottles and phials, of a kind used for antibiotics, serums and other injectable liquids; bottles of a kind used for intravenous fluids",08,2026,CHINA,Indonesia,TANJUNG PERAK,58979,59629.92
Import,70109040,"Bottles and phials, of a kind used for antibiotics, serums and other injectable liquids; bottles of a kind used for intravenous fluids",08,2026,CHINA,Indonesia,TANJUNG PRIOK,16294.6964,22437.6202
Import,70109040,"Bottles and phials, of a kind used for antibiotics, serums and other injectable liquids; bottles of a kind used for intravenous fluids",08,2026,"GERMANY, FED. REP. OF",Indonesia,SOEKARNO-HATTA (U),9.884,454.0897
Import,70109040,"Bottles and phials, of a kind used for antibiotics, serums and other injectable liquids; bottles of a kind used for intravenous fluids",08,2026,HONG KONG,Indonesia,SOEKARNO-HATTA (U),12,336
Import,70109040,"Bottles and phials, of a kind used for antibiotics, serums and other injectable liquids; bottles of a kind used for intravenous fluids",08,2026,INDIA,Indonesia,TANJUNG PRIOK,12500,10767.74
Import,70109040,"Bottles and phials, of a kind used for antibiotics, serums and other injectable liquids; bottles of a kind used for intravenous fluids",08,2026,JAPAN,Indonesia,SOEKARNO-HATTA (U),1.15,28.9644
Import,70109040,"Bottles and phials, of a kind used for antibiotics, serums and other injectable liquids; bottles of a kind used for intravenous fluids",08,2026,MALAYSIA,Indonesia,TANJUNG PERAK,23130,122259.2238
Import,70109040,"Bottles and phials, of a kind used for antibiotics, serums and other injectable liquids; bottles of a kind used for intravenous fluids",08,2026,MALAYSIA,Indonesia,TANJUNG PRIOK,708,9439.2
Import,70109040,"Bottles and phials, of a kind used for antibiotics, serums and other injectable liquids; bottles of a kind used for intravenous fluids",08,2026,UNITED KINGDOM,Indonesia,TANJUNG PRIOK,3493.2,19742.4
Import,70109040,"Bottles and phials, of a kind used for antibiotics, serums and other injectable liquids; bottles of a kind used for intravenous fluids",08,2026,UNITED STATES,Indonesia,SOEKARNO-HATTA (U),1,41
Import,70101000,Ampoules of glass,08,2026,CHINA,Indonesia,NGURAH RAI (U),1,22
Import,70101000,Ampoules of glass,08,2026,CHINA,Indonesia,SOEKARNO-HATTA (U),63,1341
Import,70101000,Ampoules of glass,08,2026,FRANCE,Indonesia,SOEKARNO-HATTA (U),10,207
Import,70101000,Ampoules of glass,08,2026,HONG KONG,Indonesia,SOEKARNO-HATTA (U),2,41
Import,70101000,Ampoules of glass,08,2026,UNITED KINGDOM,Indonesia,SOEKARNO-HATTA (U),13,101
